[Header],,,,,,
D7_Cooper_Steer_5prime_plus_guide,,,,,,
,,,,,,
[Global],,,,,,
Application,sequencing_recipe,analysis_recipe,,,,
test,UG_116cycles_Baseline_1.8.3.0,other,,,,
,,,,,,
[Samples],,,,,,
Sample_ID,Library_name,Index_Barcode_Num,Index_Barcode_Sequence,Barcode_Plate_Num,Barcode_Plate_Well,application_type
iNeuron15923026,1_GEX_iA_iN_SCREEN,Z0001,CAGCTCGAATGCGAT,1,A1,scRNA_GEX_10x_5prime_v3
iNeuron15923027,2_GEX_iA_iN_SCREEN,Z0002,CATGTGCAGCCATCGAT,1,B1,scRNA_GEX_10x_5prime_v3
iNeuron15923028,3_GEX_iA_iN_SCREEN,Z0003,CATCACACATGAATGAT,1,C1,scRNA_GEX_10x_5prime_v3
iNeuron15923029,4_GEX_iA_iN_SCREEN,Z0004,CTGTGTAGGCATGAT,1,D1,scRNA_GEX_10x_5prime_v3
iNeuron15923030,1_dgRNA_iA_iN_SCREEN,Z0005,CATGTATCCTCTGAT,1,E1,scRNA_CRISPR_10x_5prime_v3
iNeuron15923031,2_dgRNA_iA_iN_SCREEN,Z0006,CATATAGCCTATGAT,1,F1,scRNA_CRISPR_10x_5prime_v3
iNeuron15923032,3_dgRNA_iA_iN_SCREEN,Z0007,CGATTCATGCTCGAT,1,G1,scRNA_CRISPR_10x_5prime_v3
iNeuron15923033,4_dgRNA_iA_iN_SCREEN,Z0008,CACATCCTGCATGTGAT,1,H1,scRNA_CRISPR_10x_5prime_v3
