[Data],,,,,,,,,,,,,,,,,,,,,,,,,,,,,,,,,,,,,
Lane,Sample_ID,Sample_Name,GenomeFolder,Index,Index2,bait_name,default_library_type,default_tag_sequence,default_tagtwo_sequence,gbs_plex_name,is_control,is_pool,lane_id,lane_priority,library_name,organism,organism_taxon_id,required_insert_size_range,sample_cohort,sample_common_name,sample_consent_withdrawn,sample_control_type,sample_description,sample_id,sample_is_control,sample_name,sample_reference_genome,spiked_phix_tag_index,study_alignments_in_bam,study_contains_nonconsented_human,study_contains_nonconsented_xahuman,study_id,study_name,study_reference_genome,study_separate_y_chromosome_data,tag_index,
1,71446116,EGAN00004549104,,TCGACTCG,TGATCAAA,,LCMB,TCGACTCG,TGATCAAA,,0,0,72659881,3,71446116,,9606,from:450 to:450,Normal,Homo sapiens,0,,,9725053,0,7396STDY14893007,,888,1,0,0,7396,Some interesting study,Homo_sapiens (GRCh38_full_analysis_set_plus_decoy_hla),0,1,
1,71446128,EGAN00004549105,,CGTAAAGA,CGACTTCC,,LCMB,CGTAAAGA,CGACTTCC,,0,0,72659881,3,71446128,,9606,from:450 to:450,Normal,Homo sapiens,0,,,9725054,0,7396STDY14893008,,888,1,0,0,7396,Some interesting study,Homo_sapiens (GRCh38_full_analysis_set_plus_decoy_hla),0,2,
1,71446140,EGAN00004549103,,CGTCGTCG,CTCAGAAA,,LCMB,CGTCGTCG,CTCAGAAA,,0,0,72659881,3,71446140,,9606,from:450 to:450,Normal,Homo sapiens,0,,,9725055,0,7396STDY14893009,,888,1,0,0,7396,Some interesting study,Homo_sapiens (GRCh38_full_analysis_set_plus_decoy_hla),0,3,
1,71446152,EGAN00004549109,,TTCTCTTT,TCAGCCTG,,LCMB,TTCTCTTT,TCAGCCTG,,0,0,72659881,3,71446152,,9606,from:450 to:450,Normal,Homo sapiens,0,,,9725056,0,7396STDY14893010,,888,1,0,0,7396,Some interesting study,Homo_sapiens (GRCh38_full_analysis_set_plus_decoy_hla),0,4,
1,71446164,EGAN00004549107,,TCTCATAT,TTTGCACC,,LCMB,TCTCATAT,TTTGCACC,,0,0,72659881,3,71446164,,9606,from:450 to:450,Normal,Homo sapiens,0,,,9725057,0,7396STDY14893011,,888,1,0,0,7396,Some interesting study,Homo_sapiens (GRCh38_full_analysis_set_plus_decoy_hla),0,5,
1,71446185,EGAN00004549180,,ACGCGTCA,TTAGAAAG,,LCMB,ACGCGTCA,TTAGAAAG,,0,0,72659881,3,71446185,,9606,from:450 to:450,Normal,Homo sapiens,0,,,9725130,0,7396STDY14893084,,888,1,0,0,7396,Some interesting study,Homo_sapiens (GRCh38_full_analysis_set_plus_decoy_hla),0,70,
1,51702672,phiX_for_spiked_buffers,,TGTGCAGC,ACTGATGT,,,TGTGCAGC,ACTGATGT,,1,0,72659881,3,51702672,,10847,,,,0,,,1255141,,phiX_for_spiked_buffers,PhiX (Sanger-SNPs),888,1,0,0,198,Illumina Controls, ,0,888,
2,71446116,EGAN00004549104,,TCGACTCG,TGATCAAA,,LCMB,TCGACTCG,TGATCAAA,,0,0,72659882,3,71446116,,9606,from:450 to:450,Normal,Homo sapiens,0,,,9725053,0,7396STDY14893007,,888,1,0,0,7396,Some interesting study,Homo_sapiens (GRCh38_full_analysis_set_plus_decoy_hla),0,1,
2,71446128,EGAN00004549105,,CGTAAAGA,CGACTTCC,,LCMB,CGTAAAGA,CGACTTCC,,0,0,72659882,3,71446128,,9606,from:450 to:450,Normal,Homo sapiens,0,,,9725054,0,7396STDY14893008,,888,1,0,0,7396,Some interesting study,Homo_sapiens (GRCh38_full_analysis_set_plus_decoy_hla),0,2,
2,71446140,EGAN00004549103,,CGTCGTCG,CTCAGAAA,,LCMB,CGTCGTCG,CTCAGAAA,,0,0,72659882,3,71446140,,9606,from:450 to:450,Normal,Homo sapiens,0,,,9725055,0,7396STDY14893009,,888,1,0,0,7396,Some interesting study,Homo_sapiens (GRCh38_full_analysis_set_plus_decoy_hla),0,3,
2,71446152,EGAN00004549109,,TTCTCTTT,TCAGCCTG,,LCMB,TTCTCTTT,TCAGCCTG,,0,0,72659882,3,71446152,,9606,from:450 to:450,Normal,Homo sapiens,0,,,9725056,0,7396STDY14893010,,888,1,0,0,7396,Some interesting study,Homo_sapiens (GRCh38_full_analysis_set_plus_decoy_hla),0,4,
2,71446164,EGAN00004549107,,TCTCATAT,TTTGCACC,,LCMB,TCTCATAT,TTTGCACC,,0,0,72659882,3,71446164,,9606,from:450 to:450,Normal,Homo sapiens,0,,,9725057,0,7396STDY14893011,,888,1,0,0,7396,Some interesting study,Homo_sapiens (GRCh38_full_analysis_set_plus_decoy_hla),0,5,
2,71446176,EGAN00004549106,,TCGGGCTG,CGATCTGG,,LCMB,TCGGGCTG,CGATCTGG,,0,0,72659882,3,71446176,,9606,from:450 to:450,Normal,Homo sapiens,0,,,9725058,0,7396STDY14893012,,888,1,0,0,7396,Some interesting study,Homo_sapiens (GRCh38_full_analysis_set_plus_decoy_hla),0,6,
2,51702672,phiX_for_spiked_buffers,,TGTGCAGC,ACTGATGT,,,TGTGCAGC,ACTGATGT,,1,0,72659882,3,51702672,,10847,,,,0,,,1255141,,phiX_for_spiked_buffers,PhiX (Sanger-SNPs),888,1,0,0,198,Illumina Controls, ,0,888,
3,71446116,EGAN00004549104,,TCGACTCG,TGATCAAA,,LCMB,TCGACTCG,TGATCAAA,,0,0,72659883,3,71446116,,9606,from:450 to:450,Normal,Homo sapiens,0,,,9725053,0,7396STDY14893007,,888,1,0,0,7396,Some interesting study,Homo_sapiens (GRCh38_full_analysis_set_plus_decoy_hla),0,1,
3,71446128,EGAN00004549105,,CGTAAAGA,CGACTTCC,,LCMB,CGTAAAGA,CGACTTCC,,0,0,72659883,3,71446128,,9606,from:450 to:450,Normal,Homo sapiens,0,,,9725054,0,7396STDY14893008,,888,1,0,0,7396,Some interesting study,Homo_sapiens (GRCh38_full_analysis_set_plus_decoy_hla),0,2,
3,71446140,EGAN00004549103,,CGTCGTCG,CTCAGAAA,,LCMB,CGTCGTCG,CTCAGAAA,,0,0,72659883,3,71446140,,9606,from:450 to:450,Normal,Homo sapiens,0,,,9725055,0,7396STDY14893009,,888,1,0,0,7396,Some interesting study,Homo_sapiens (GRCh38_full_analysis_set_plus_decoy_hla),0,3,
3,71446152,EGAN00004549109,,TTCTCTTT,TCAGCCTG,,LCMB,TTCTCTTT,TCAGCCTG,,0,0,72659883,3,71446152,,9606,from:450 to:450,Normal,Homo sapiens,0,,,9725056,0,7396STDY14893010,,888,1,0,0,7396,Some interesting study,Homo_sapiens (GRCh38_full_analysis_set_plus_decoy_hla),0,4,
3,71446164,EGAN00004549107,,TCTCATAT,TTTGCACC,,LCMB,TCTCATAT,TTTGCACC,,0,0,72659883,3,71446164,,9606,from:450 to:450,Normal,Homo sapiens,0,,,9725057,0,7396STDY14893011,,888,1,0,0,7396,Some interesting study,Homo_sapiens (GRCh38_full_analysis_set_plus_decoy_hla),0,5,
3,71446176,EGAN00004549106,,TCGGGCTG,CGATCTGG,,LCMB,TCGGGCTG,CGATCTGG,,0,0,72659883,3,71446176,,9606,from:450 to:450,Normal,Homo sapiens,0,,,9725058,0,7396STDY14893012,,888,1,0,0,7396,Some interesting study,Homo_sapiens (GRCh38_full_analysis_set_plus_decoy_hla),0,6,
3,51702672,phiX_for_spiked_buffers,,TGTGCAGC,ACTGATGT,,,TGTGCAGC,ACTGATGT,,1,0,72659883,3,51702672,,10847,,,,0,,,1255141,,phiX_for_spiked_buffers,PhiX (Sanger-SNPs),888,1,0,0,198,Illumina Controls, ,0,888,
4,71446116,EGAN00004549104,,TCGACTCG,TGATCAAA,,LCMB,TCGACTCG,TGATCAAA,,0,0,72659884,3,71446116,,9606,from:450 to:450,Normal,Homo sapiens,0,,,9725053,0,7396STDY14893007,,888,1,0,0,7396,Some interesting study,Homo_sapiens (GRCh38_full_analysis_set_plus_decoy_hla),0,1,
4,71446128,EGAN00004549105,,CGTAAAGA,CGACTTCC,,LCMB,CGTAAAGA,CGACTTCC,,0,0,72659884,3,71446128,,9606,from:450 to:450,Normal,Homo sapiens,0,,,9725054,0,7396STDY14893008,,888,1,0,0,7396,Some interesting study,Homo_sapiens (GRCh38_full_analysis_set_plus_decoy_hla),0,2,
4,71446140,EGAN00004549103,,CGTCGTCG,CTCAGAAA,,LCMB,CGTCGTCG,CTCAGAAA,,0,0,72659884,3,71446140,,9606,from:450 to:450,Normal,Homo sapiens,0,,,9725055,0,7396STDY14893009,,888,1,0,0,7396,Some interesting study,Homo_sapiens (GRCh38_full_analysis_set_plus_decoy_hla),0,3,
4,71446152,EGAN00004549109,,TTCTCTTT,TCAGCCTG,,LCMB,TTCTCTTT,TCAGCCTG,,0,0,72659884,3,71446152,,9606,from:450 to:450,Normal,Homo sapiens,0,,,9725056,0,7396STDY14893010,,888,1,0,0,7396,Some interesting study,Homo_sapiens (GRCh38_full_analysis_set_plus_decoy_hla),0,4,
4,71446164,EGAN00004549107,,TCTCATAT,TTTGCACC,,LCMB,TCTCATAT,TTTGCACC,,0,0,72659884,3,71446164,,9606,from:450 to:450,Normal,Homo sapiens,0,,,9725057,0,7396STDY14893011,,888,1,0,0,7396,Some interesting study,Homo_sapiens (GRCh38_full_analysis_set_plus_decoy_hla),0,5,
4,71446176,EGAN00004549106,,TCGGGCTG,CGATCTGG,,LCMB,TCGGGCTG,CGATCTGG,,0,0,72659884,3,71446176,,9606,from:450 to:450,Normal,Homo sapiens,0,,,9725058,0,7396STDY14893012,,888,1,0,0,7397,One more interesting study,Homo_sapiens (GRCh38_full_analysis_set_plus_decoy_hla),0,6,
4,51702672,phiX_for_spiked_buffers,,TGTGCAGC,ACTGATGT,,,TGTGCAGC,ACTGATGT,,1,0,72659884,3,51702672,,10847,,,,0,,,1255141,,phiX_for_spiked_buffers,PhiX (Sanger-SNPs),888,1,0,0,198,Illumina Controls, ,0,888,
