[Data],,,,,,,,,,,,,,,,,,,,,,,,,,,,,,,,,,,,,,,,,,,,,,,,,
Lane,Sample_ID,Sample_Name,GenomeFolder,Index,bait_name,default_library_type,default_tag_sequence,default_tagtwo_sequence,email_addresses,email_addresses_of_followers,email_addresses_of_managers,email_addresses_of_owners,is_control,is_pool,lane_id,lane_priority,library_name,organism,organism_taxon_id,project_cost_code,project_id,project_name,qc_state,request_id,required_insert_size_range,sample_accession_number,sample_cohort,sample_common_name,sample_consent_withdrawn,sample_description,sample_donor_id,sample_id,sample_name,sample_public_name,sample_reference_genome,sample_supplier_name,spiked_phix_tag_index,study_accession_number,study_alignments_in_bam,study_contains_nonconsented_human,study_contains_nonconsented_xahuman,study_description,study_id,study_name,study_reference_genome,study_separate_y_chromosome_data,study_title,tag_index,
1,14798968,ERS804057,,ATCACG,,RNA-seq dUTP eukaryotic,ATCACG,,jec@sanger.ac.uk ncb@sanger.ac.uk nw6@sanger.ac.uk,nw6@sanger.ac.uk,ncb@sanger.ac.uk,jec@sanger.ac.uk,0,0,,,,,7955,S0518,82,ZF molecular phenotype,,,from:100 to:300,ERS804057,,Danio rerio,,Total RNA from a single zebrafish embryo%2C homozygous for tcf3a%2C allele m881 collected at 80%25 epiboly.,,2363868,3749STDY6166868,tcf3a_homozygous_A1,,,888,ERP011114,1,0,0,Total RNA was extracted from zebrafish embryos at 80%25 epiboly and genotyped for tcf3a and tcf3b to identify wild type%2C heterozygous and homozygous knockout embryos. The RNA was DNase treated.  Stranded RNAseq libraries were constructed using the Illumina TruSeq Stranded RNA protocol with oligo dT pulldown.%0A%0AThis data is part of a pre-publication release. For information on the proper use of pre-publication data shared by the Wellcome Trust Sanger Institute (including details of any publication moratoria)%2C please see http%3A%2F%2Fwww.sanger.ac.uk%2Fdatasharing%2F,3749,Transcriptome profiling of zebrafish tcf3a and tcf3b knockout embryos,Danio_rerio (zv9),,Transcriptome profiling of zebrafish tcf3a and tcf3b knockout embryos,1,
1,14798980,ERS804058,,CGATGT,,RNA-seq dUTP eukaryotic,CGATGT,,jec@sanger.ac.uk ncb@sanger.ac.uk nw6@sanger.ac.uk,nw6@sanger.ac.uk,ncb@sanger.ac.uk,jec@sanger.ac.uk,0,0,,,,,7955,S0518,82,ZF molecular phenotype,,,from:100 to:300,ERS804058,,Danio rerio,,Total RNA from a single zebrafish embryo%2C homozygous for tcf3a%2C allele m881 collected at 80%25 epiboly.,,2363869,3749STDY6166869,tcf3a_homozygous_B1,,,888,ERP011114,1,0,0,Total RNA was extracted from zebrafish embryos at 80%25 epiboly and genotyped for tcf3a and tcf3b to identify wild type%2C heterozygous and homozygous knockout embryos. The RNA was DNase treated.  Stranded RNAseq libraries were constructed using the Illumina TruSeq Stranded RNA protocol with oligo dT pulldown.%0A%0AThis data is part of a pre-publication release. For information on the proper use of pre-publication data shared by the Wellcome Trust Sanger Institute (including details of any publication moratoria)%2C please see http%3A%2F%2Fwww.sanger.ac.uk%2Fdatasharing%2F,3749,Transcriptome profiling of zebrafish tcf3a and tcf3b knockout embryos,Danio_rerio (zv9),,Transcriptome profiling of zebrafish tcf3a and tcf3b knockout embryos,2,
1,14798992,ERS804059,,TTAGGC,,RNA-seq dUTP eukaryotic,TTAGGC,,jec@sanger.ac.uk ncb@sanger.ac.uk nw6@sanger.ac.uk,nw6@sanger.ac.uk,ncb@sanger.ac.uk,jec@sanger.ac.uk,0,0,,,,,7955,S0518,82,ZF molecular phenotype,,,from:100 to:300,ERS804059,,Danio rerio,,Total RNA from a single zebrafish embryo%2C homozygous for tcf3a%2C allele m881 collected at 80%25 epiboly.,,2363870,3749STDY6166870,tcf3a_homozygous_C1,,,888,ERP011114,1,0,0,Total RNA was extracted from zebrafish embryos at 80%25 epiboly and genotyped for tcf3a and tcf3b to identify wild type%2C heterozygous and homozygous knockout embryos. The RNA was DNase treated.  Stranded RNAseq libraries were constructed using the Illumina TruSeq Stranded RNA protocol with oligo dT pulldown.%0A%0AThis data is part of a pre-publication release. For information on the proper use of pre-publication data shared by the Wellcome Trust Sanger Institute (including details of any publication moratoria)%2C please see http%3A%2F%2Fwww.sanger.ac.uk%2Fdatasharing%2F,3749,Transcriptome profiling of zebrafish tcf3a and tcf3b knockout embryos,Danio_rerio (zv9),,Transcriptome profiling of zebrafish tcf3a and tcf3b knockout embryos,3,
1,14799004,ERS804060,,TGACCA,,RNA-seq dUTP eukaryotic,TGACCA,,jec@sanger.ac.uk ncb@sanger.ac.uk nw6@sanger.ac.uk,nw6@sanger.ac.uk,ncb@sanger.ac.uk,jec@sanger.ac.uk,0,0,,,,,7955,S0518,82,ZF molecular phenotype,,,from:100 to:300,ERS804060,,Danio rerio,,Total RNA from a single zebrafish embryo%2C homozygous for tcf3a%2C allele m881 collected at 80%25 epiboly.,,2363871,3749STDY6166871,tcf3a_homozygous_D1,,,888,ERP011114,1,0,0,Total RNA was extracted from zebrafish embryos at 80%25 epiboly and genotyped for tcf3a and tcf3b to identify wild type%2C heterozygous and homozygous knockout embryos. The RNA was DNase treated.  Stranded RNAseq libraries were constructed using the Illumina TruSeq Stranded RNA protocol with oligo dT pulldown.%0A%0AThis data is part of a pre-publication release. For information on the proper use of pre-publication data shared by the Wellcome Trust Sanger Institute (including details of any publication moratoria)%2C please see http%3A%2F%2Fwww.sanger.ac.uk%2Fdatasharing%2F,3749,Transcriptome profiling of zebrafish tcf3a and tcf3b knockout embryos,Danio_rerio (zv9),,Transcriptome profiling of zebrafish tcf3a and tcf3b knockout embryos,4,
1,14799016,ERS804061,,ACAGTG,,RNA-seq dUTP eukaryotic,ACAGTG,,jec@sanger.ac.uk ncb@sanger.ac.uk nw6@sanger.ac.uk,nw6@sanger.ac.uk,ncb@sanger.ac.uk,jec@sanger.ac.uk,0,0,,,,,7955,S0518,82,ZF molecular phenotype,,,from:100 to:300,ERS804061,,Danio rerio,,Total RNA from a single zebrafish embryo%2C wild type for tcf3a%2C allele m881 collected at 80%25 epiboly.,,2363872,3749STDY6166872,tcf3a_wild type_E1,,,888,ERP011114,1,0,0,Total RNA was extracted from zebrafish embryos at 80%25 epiboly and genotyped for tcf3a and tcf3b to identify wild type%2C heterozygous and homozygous knockout embryos. The RNA was DNase treated.  Stranded RNAseq libraries were constructed using the Illumina TruSeq Stranded RNA protocol with oligo dT pulldown.%0A%0AThis data is part of a pre-publication release. For information on the proper use of pre-publication data shared by the Wellcome Trust Sanger Institute (including details of any publication moratoria)%2C please see http%3A%2F%2Fwww.sanger.ac.uk%2Fdatasharing%2F,3749,Transcriptome profiling of zebrafish tcf3a and tcf3b knockout embryos,Danio_rerio (zv9),,Transcriptome profiling of zebrafish tcf3a and tcf3b knockout embryos,5,
1,14799028,ERS804062,,GCCAAT,,RNA-seq dUTP eukaryotic,GCCAAT,,jec@sanger.ac.uk ncb@sanger.ac.uk nw6@sanger.ac.uk,nw6@sanger.ac.uk,ncb@sanger.ac.uk,jec@sanger.ac.uk,0,0,,,,,7955,S0518,82,ZF molecular phenotype,,,from:100 to:300,ERS804062,,Danio rerio,,Total RNA from a single zebrafish embryo%2C wild type for tcf3a%2C allele m881 collected at 80%25 epiboly.,,2363873,3749STDY6166873,tcf3a_wild type_F1,,,888,ERP011114,1,0,0,Total RNA was extracted from zebrafish embryos at 80%25 epiboly and genotyped for tcf3a and tcf3b to identify wild type%2C heterozygous and homozygous knockout embryos. The RNA was DNase treated.  Stranded RNAseq libraries were constructed using the Illumina TruSeq Stranded RNA protocol with oligo dT pulldown.%0A%0AThis data is part of a pre-publication release. For information on the proper use of pre-publication data shared by the Wellcome Trust Sanger Institute (including details of any publication moratoria)%2C please see http%3A%2F%2Fwww.sanger.ac.uk%2Fdatasharing%2F,3749,Transcriptome profiling of zebrafish tcf3a and tcf3b knockout embryos,Danio_rerio (zv9),,Transcriptome profiling of zebrafish tcf3a and tcf3b knockout embryos,6,
1,14799040,ERS804063,,CAGATC,,RNA-seq dUTP eukaryotic,CAGATC,,jec@sanger.ac.uk ncb@sanger.ac.uk nw6@sanger.ac.uk,nw6@sanger.ac.uk,ncb@sanger.ac.uk,jec@sanger.ac.uk,0,0,,,,,7955,S0518,82,ZF molecular phenotype,,,from:100 to:300,ERS804063,,Danio rerio,,Total RNA from a single zebrafish embryo%2C wild type for tcf3a%2C allele m881 collected at 80%25 epiboly.,,2363874,3749STDY6166874,tcf3a_wild type_G1,,,888,ERP011114,1,0,0,Total RNA was extracted from zebrafish embryos at 80%25 epiboly and genotyped for tcf3a and tcf3b to identify wild type%2C heterozygous and homozygous knockout embryos. The RNA was DNase treated.  Stranded RNAseq libraries were constructed using the Illumina TruSeq Stranded RNA protocol with oligo dT pulldown.%0A%0AThis data is part of a pre-publication release. For information on the proper use of pre-publication data shared by the Wellcome Trust Sanger Institute (including details of any publication moratoria)%2C please see http%3A%2F%2Fwww.sanger.ac.uk%2Fdatasharing%2F,3749,Transcriptome profiling of zebrafish tcf3a and tcf3b knockout embryos,Danio_rerio (zv9),,Transcriptome profiling of zebrafish tcf3a and tcf3b knockout embryos,7,
1,14799052,ERS804064,,ACTTGA,,RNA-seq dUTP eukaryotic,ACTTGA,,jec@sanger.ac.uk ncb@sanger.ac.uk nw6@sanger.ac.uk,nw6@sanger.ac.uk,ncb@sanger.ac.uk,jec@sanger.ac.uk,0,0,,,,,7955,S0518,82,ZF molecular phenotype,,,from:100 to:300,ERS804064,,Danio rerio,,Total RNA from a single zebrafish embryo%2C wild type for tcf3a%2C allele m881 collected at 80%25 epiboly.,,2363875,3749STDY6166875,tcf3a_wild type_H1,,,888,ERP011114,1,0,0,Total RNA was extracted from zebrafish embryos at 80%25 epiboly and genotyped for tcf3a and tcf3b to identify wild type%2C heterozygous and homozygous knockout embryos. The RNA was DNase treated.  Stranded RNAseq libraries were constructed using the Illumina TruSeq Stranded RNA protocol with oligo dT pulldown.%0A%0AThis data is part of a pre-publication release. For information on the proper use of pre-publication data shared by the Wellcome Trust Sanger Institute (including details of any publication moratoria)%2C please see http%3A%2F%2Fwww.sanger.ac.uk%2Fdatasharing%2F,3749,Transcriptome profiling of zebrafish tcf3a and tcf3b knockout embryos,Danio_rerio (zv9),,Transcriptome profiling of zebrafish tcf3a and tcf3b knockout embryos,8,
1,14799018,ERS804077,,GATCAG,,RNA-seq dUTP eukaryotic,GATCAG,,jec@sanger.ac.uk ncb@sanger.ac.uk nw6@sanger.ac.uk,nw6@sanger.ac.uk,ncb@sanger.ac.uk,jec@sanger.ac.uk,0,0,,,,,7955,S0518,82,ZF molecular phenotype,,,from:100 to:300,ERS804077,,Danio rerio,,Total RNA from a single zebrafish embryo%2C homozygous for tcf3a%2C allele m881 and heterozygous for tcf3b%2C allele zf157Tg%2C collected at 80%25 epiboly.,,2363888,3749STDY6166888,tcf3a_homozygous_3b_heterozygous_E3,,,888,ERP011114,1,0,0,Total RNA was extracted from zebrafish embryos at 80%25 epiboly and genotyped for tcf3a and tcf3b to identify wild type%2C heterozygous and homozygous knockout embryos. The RNA was DNase treated.  Stranded RNAseq libraries were constructed using the Illumina TruSeq Stranded RNA protocol with oligo dT pulldown.%0A%0AThis data is part of a pre-publication release. For information on the proper use of pre-publication data shared by the Wellcome Trust Sanger Institute (including details of any publication moratoria)%2C please see http%3A%2F%2Fwww.sanger.ac.uk%2Fdatasharing%2F,3749,Transcriptome profiling of zebrafish tcf3a and tcf3b knockout embryos,Danio_rerio (zv9),,Transcriptome profiling of zebrafish tcf3a and tcf3b knockout embryos,9,
1,14799030,ERS804078,,TAGCTT,,RNA-seq dUTP eukaryotic,TAGCTT,,jec@sanger.ac.uk ncb@sanger.ac.uk nw6@sanger.ac.uk,nw6@sanger.ac.uk,ncb@sanger.ac.uk,jec@sanger.ac.uk,0,0,,,,,7955,S0518,82,ZF molecular phenotype,,,from:100 to:300,ERS804078,,Danio rerio,,Total RNA from a single zebrafish embryo%2C homozygous for tcf3a%2C allele m881 and heterozygous for tcf3b%2C allele zf157Tg%2C collected at 80%25 epiboly.,,2363889,3749STDY6166889,tcf3a_homozygous_3b_heterozygous_F3,,,888,ERP011114,1,0,0,Total RNA was extracted from zebrafish embryos at 80%25 epiboly and genotyped for tcf3a and tcf3b to identify wild type%2C heterozygous and homozygous knockout embryos. The RNA was DNase treated.  Stranded RNAseq libraries were constructed using the Illumina TruSeq Stranded RNA protocol with oligo dT pulldown.%0A%0AThis data is part of a pre-publication release. For information on the proper use of pre-publication data shared by the Wellcome Trust Sanger Institute (including details of any publication moratoria)%2C please see http%3A%2F%2Fwww.sanger.ac.uk%2Fdatasharing%2F,3749,Transcriptome profiling of zebrafish tcf3a and tcf3b knockout embryos,Danio_rerio (zv9),,Transcriptome profiling of zebrafish tcf3a and tcf3b knockout embryos,10,
1,14799042,ERS804079,,GGCTAC,,RNA-seq dUTP eukaryotic,GGCTAC,,jec@sanger.ac.uk ncb@sanger.ac.uk nw6@sanger.ac.uk,nw6@sanger.ac.uk,ncb@sanger.ac.uk,jec@sanger.ac.uk,0,0,,,,,7955,S0518,82,ZF molecular phenotype,,,from:100 to:300,ERS804079,,Danio rerio,,Total RNA from a single zebrafish embryo%2C homozygous for tcf3a%2C allele m881 and heterozygous for tcf3b%2C allele zf157Tg%2C collected at 80%25 epiboly.,,2363890,3749STDY6166890,tcf3a_homozygous_3b_heterozygous_G3,,,888,ERP011114,1,0,0,Total RNA was extracted from zebrafish embryos at 80%25 epiboly and genotyped for tcf3a and tcf3b to identify wild type%2C heterozygous and homozygous knockout embryos. The RNA was DNase treated.  Stranded RNAseq libraries were constructed using the Illumina TruSeq Stranded RNA protocol with oligo dT pulldown.%0A%0AThis data is part of a pre-publication release. For information on the proper use of pre-publication data shared by the Wellcome Trust Sanger Institute (including details of any publication moratoria)%2C please see http%3A%2F%2Fwww.sanger.ac.uk%2Fdatasharing%2F,3749,Transcriptome profiling of zebrafish tcf3a and tcf3b knockout embryos,Danio_rerio (zv9),,Transcriptome profiling of zebrafish tcf3a and tcf3b knockout embryos,11,
1,14799054,ERS804080,,CTTGTA,,RNA-seq dUTP eukaryotic,CTTGTA,,jec@sanger.ac.uk ncb@sanger.ac.uk nw6@sanger.ac.uk,nw6@sanger.ac.uk,ncb@sanger.ac.uk,jec@sanger.ac.uk,0,0,,,,,7955,S0518,82,ZF molecular phenotype,,,from:100 to:300,ERS804080,,Danio rerio,,Total RNA from a single zebrafish embryo%2C homozygous for tcf3a%2C allele m881 and heterozygous for tcf3b%2C allele zf157Tg%2C collected at 80%25 epiboly.,,2363891,3749STDY6166891,tcf3a_homozygous_3b_heterozygous_H3,,,888,ERP011114,1,0,0,Total RNA was extracted from zebrafish embryos at 80%25 epiboly and genotyped for tcf3a and tcf3b to identify wild type%2C heterozygous and homozygous knockout embryos. The RNA was DNase treated.  Stranded RNAseq libraries were constructed using the Illumina TruSeq Stranded RNA protocol with oligo dT pulldown.%0A%0AThis data is part of a pre-publication release. For information on the proper use of pre-publication data shared by the Wellcome Trust Sanger Institute (including details of any publication moratoria)%2C please see http%3A%2F%2Fwww.sanger.ac.uk%2Fdatasharing%2F,3749,Transcriptome profiling of zebrafish tcf3a and tcf3b knockout embryos,Danio_rerio (zv9),,Transcriptome profiling of zebrafish tcf3a and tcf3b knockout embryos,12,
1,14798971,ERS804081,,AGTCAA,,RNA-seq dUTP eukaryotic,AGTCAA,,jec@sanger.ac.uk ncb@sanger.ac.uk nw6@sanger.ac.uk,nw6@sanger.ac.uk,ncb@sanger.ac.uk,jec@sanger.ac.uk,0,0,,,,,7955,S0518,82,ZF molecular phenotype,,,from:100 to:300,ERS804081,,Danio rerio,,Total RNA from a single zebrafish embryo%2C homozygous for tcf3a%2C allele m881 and wild type for tcf3b%2C allele zf157Tg%2C collected at 80%25 epiboly.,,2363892,3749STDY6166892,tcf3a_homozygous_3b_wild type_A4,,,888,ERP011114,1,0,0,Total RNA was extracted from zebrafish embryos at 80%25 epiboly and genotyped for tcf3a and tcf3b to identify wild type%2C heterozygous and homozygous knockout embryos. The RNA was DNase treated.  Stranded RNAseq libraries were constructed using the Illumina TruSeq Stranded RNA protocol with oligo dT pulldown.%0A%0AThis data is part of a pre-publication release. For information on the proper use of pre-publication data shared by the Wellcome Trust Sanger Institute (including details of any publication moratoria)%2C please see http%3A%2F%2Fwww.sanger.ac.uk%2Fdatasharing%2F,3749,Transcriptome profiling of zebrafish tcf3a and tcf3b knockout embryos,Danio_rerio (zv9),,Transcriptome profiling of zebrafish tcf3a and tcf3b knockout embryos,13,
1,14798983,ERS804082,,AGTTCC,,RNA-seq dUTP eukaryotic,AGTTCC,,jec@sanger.ac.uk ncb@sanger.ac.uk nw6@sanger.ac.uk,nw6@sanger.ac.uk,ncb@sanger.ac.uk,jec@sanger.ac.uk,0,0,,,,,7955,S0518,82,ZF molecular phenotype,,,from:100 to:300,ERS804082,,Danio rerio,,Total RNA from a single zebrafish embryo%2C homozygous for tcf3a%2C allele m881 and wild type for tcf3b%2C allele zf157Tg%2C collected at 80%25 epiboly.,,2363893,3749STDY6166893,tcf3a_homozygous_3b_wild type_B4,,,888,ERP011114,1,0,0,Total RNA was extracted from zebrafish embryos at 80%25 epiboly and genotyped for tcf3a and tcf3b to identify wild type%2C heterozygous and homozygous knockout embryos. The RNA was DNase treated.  Stranded RNAseq libraries were constructed using the Illumina TruSeq Stranded RNA protocol with oligo dT pulldown.%0A%0AThis data is part of a pre-publication release. For information on the proper use of pre-publication data shared by the Wellcome Trust Sanger Institute (including details of any publication moratoria)%2C please see http%3A%2F%2Fwww.sanger.ac.uk%2Fdatasharing%2F,3749,Transcriptome profiling of zebrafish tcf3a and tcf3b knockout embryos,Danio_rerio (zv9),,Transcriptome profiling of zebrafish tcf3a and tcf3b knockout embryos,14,
1,14798995,ERS804083,,ATGTCA,,RNA-seq dUTP eukaryotic,ATGTCA,,jec@sanger.ac.uk ncb@sanger.ac.uk nw6@sanger.ac.uk,nw6@sanger.ac.uk,ncb@sanger.ac.uk,jec@sanger.ac.uk,0,0,,,,,7955,S0518,82,ZF molecular phenotype,,,from:100 to:300,ERS804083,,Danio rerio,,Total RNA from a single zebrafish embryo%2C homozygous for tcf3a%2C allele m881 and wild type for tcf3b%2C allele zf157Tg%2C collected at 80%25 epiboly.,,2363894,3749STDY6166894,tcf3a_homozygous_3b_wild type_C4,,,888,ERP011114,1,0,0,Total RNA was extracted from zebrafish embryos at 80%25 epiboly and genotyped for tcf3a and tcf3b to identify wild type%2C heterozygous and homozygous knockout embryos. The RNA was DNase treated.  Stranded RNAseq libraries were constructed using the Illumina TruSeq Stranded RNA protocol with oligo dT pulldown.%0A%0AThis data is part of a pre-publication release. For information on the proper use of pre-publication data shared by the Wellcome Trust Sanger Institute (including details of any publication moratoria)%2C please see http%3A%2F%2Fwww.sanger.ac.uk%2Fdatasharing%2F,3749,Transcriptome profiling of zebrafish tcf3a and tcf3b knockout embryos,Danio_rerio (zv9),,Transcriptome profiling of zebrafish tcf3a and tcf3b knockout embryos,15,
1,14799007,ERS804084,,CCGTCC,,RNA-seq dUTP eukaryotic,CCGTCC,,jec@sanger.ac.uk ncb@sanger.ac.uk nw6@sanger.ac.uk,nw6@sanger.ac.uk,ncb@sanger.ac.uk,jec@sanger.ac.uk,0,0,,,,,7955,S0518,82,ZF molecular phenotype,,,from:100 to:300,ERS804084,,Danio rerio,,Total RNA from a single zebrafish embryo%2C homozygous for tcf3a%2C allele m881 and wild type for tcf3b%2C allele zf157Tg%2C collected at 80%25 epiboly.,,2363895,3749STDY6166895,tcf3a_homozygous_3b_wild type_D4,,,888,ERP011114,1,0,0,Total RNA was extracted from zebrafish embryos at 80%25 epiboly and genotyped for tcf3a and tcf3b to identify wild type%2C heterozygous and homozygous knockout embryos. The RNA was DNase treated.  Stranded RNAseq libraries were constructed using the Illumina TruSeq Stranded RNA protocol with oligo dT pulldown.%0A%0AThis data is part of a pre-publication release. For information on the proper use of pre-publication data shared by the Wellcome Trust Sanger Institute (including details of any publication moratoria)%2C please see http%3A%2F%2Fwww.sanger.ac.uk%2Fdatasharing%2F,3749,Transcriptome profiling of zebrafish tcf3a and tcf3b knockout embryos,Danio_rerio (zv9),,Transcriptome profiling of zebrafish tcf3a and tcf3b knockout embryos,16,
1,12172503,phiX_for_spiked_buffers,,ACAACGCAATC,,,ACAACGCAATC,,hps@sanger.ac.uk,,hps@sanger.ac.uk,hps@sanger.ac.uk,1,0,,,PhiXBPS24Oct14,,10847,,,,,,,,,,,,,1255141,phiX_for_spiked_buffers,,,,888,,1,0,0,None,198,Illumina Controls,,,,888,
2,14798969,ERS804065,,ATCACG,,RNA-seq dUTP eukaryotic,ATCACG,,jec@sanger.ac.uk ncb@sanger.ac.uk nw6@sanger.ac.uk,nw6@sanger.ac.uk,ncb@sanger.ac.uk,jec@sanger.ac.uk,0,0,,,,,7955,S0518,82,ZF molecular phenotype,,,from:100 to:300,ERS804065,,Danio rerio,,Total RNA from a single zebrafish embryo%2C heterozygous for tcf3b%2C allele zf157Tg collected at 80%25 epiboly.,,2363876,3749STDY6166876,tcf3b_heterozygous_A2,,,888,ERP011114,1,0,0,Total RNA was extracted from zebrafish embryos at 80%25 epiboly and genotyped for tcf3a and tcf3b to identify wild type%2C heterozygous and homozygous knockout embryos. The RNA was DNase treated.  Stranded RNAseq libraries were constructed using the Illumina TruSeq Stranded RNA protocol with oligo dT pulldown.%0A%0AThis data is part of a pre-publication release. For information on the proper use of pre-publication data shared by the Wellcome Trust Sanger Institute (including details of any publication moratoria)%2C please see http%3A%2F%2Fwww.sanger.ac.uk%2Fdatasharing%2F,3749,Transcriptome profiling of zebrafish tcf3a and tcf3b knockout embryos,Danio_rerio (zv9),,Transcriptome profiling of zebrafish tcf3a and tcf3b knockout embryos,1,
2,14798981,ERS804066,,CGATGT,,RNA-seq dUTP eukaryotic,CGATGT,,jec@sanger.ac.uk ncb@sanger.ac.uk nw6@sanger.ac.uk,nw6@sanger.ac.uk,ncb@sanger.ac.uk,jec@sanger.ac.uk,0,0,,,,,7955,S0518,82,ZF molecular phenotype,,,from:100 to:300,ERS804066,,Danio rerio,,Total RNA from a single zebrafish embryo%2C heterozygous for tcf3b%2C allele zf157Tg collected at 80%25 epiboly.,,2363877,3749STDY6166877,tcf3b_heterozygous_B2,,,888,ERP011114,1,0,0,Total RNA was extracted from zebrafish embryos at 80%25 epiboly and genotyped for tcf3a and tcf3b to identify wild type%2C heterozygous and homozygous knockout embryos. The RNA was DNase treated.  Stranded RNAseq libraries were constructed using the Illumina TruSeq Stranded RNA protocol with oligo dT pulldown.%0A%0AThis data is part of a pre-publication release. For information on the proper use of pre-publication data shared by the Wellcome Trust Sanger Institute (including details of any publication moratoria)%2C please see http%3A%2F%2Fwww.sanger.ac.uk%2Fdatasharing%2F,3749,Transcriptome profiling of zebrafish tcf3a and tcf3b knockout embryos,Danio_rerio (zv9),,Transcriptome profiling of zebrafish tcf3a and tcf3b knockout embryos,2,
2,14798993,ERS804067,,TTAGGC,,RNA-seq dUTP eukaryotic,TTAGGC,,jec@sanger.ac.uk ncb@sanger.ac.uk nw6@sanger.ac.uk,nw6@sanger.ac.uk,ncb@sanger.ac.uk,jec@sanger.ac.uk,0,0,,,,,7955,S0518,82,ZF molecular phenotype,,,from:100 to:300,ERS804067,,Danio rerio,,Total RNA from a single zebrafish embryo%2C heterozygous for tcf3b%2C allele zf157Tg collected at 80%25 epiboly.,,2363878,3749STDY6166878,tcf3b_heterozygous_C2,,,888,ERP011114,1,0,0,Total RNA was extracted from zebrafish embryos at 80%25 epiboly and genotyped for tcf3a and tcf3b to identify wild type%2C heterozygous and homozygous knockout embryos. The RNA was DNase treated.  Stranded RNAseq libraries were constructed using the Illumina TruSeq Stranded RNA protocol with oligo dT pulldown.%0A%0AThis data is part of a pre-publication release. For information on the proper use of pre-publication data shared by the Wellcome Trust Sanger Institute (including details of any publication moratoria)%2C please see http%3A%2F%2Fwww.sanger.ac.uk%2Fdatasharing%2F,3749,Transcriptome profiling of zebrafish tcf3a and tcf3b knockout embryos,Danio_rerio (zv9),,Transcriptome profiling of zebrafish tcf3a and tcf3b knockout embryos,3,
2,14799005,ERS804068,,TGACCA,,RNA-seq dUTP eukaryotic,TGACCA,,jec@sanger.ac.uk ncb@sanger.ac.uk nw6@sanger.ac.uk,nw6@sanger.ac.uk,ncb@sanger.ac.uk,jec@sanger.ac.uk,0,0,,,,,7955,S0518,82,ZF molecular phenotype,,,from:100 to:300,ERS804068,,Danio rerio,,Total RNA from a single zebrafish embryo%2C heterozygous for tcf3b%2C allele zf157Tg collected at 80%25 epiboly.,,2363879,3749STDY6166879,tcf3b_heterozygous_D2,,,888,ERP011114,1,0,0,Total RNA was extracted from zebrafish embryos at 80%25 epiboly and genotyped for tcf3a and tcf3b to identify wild type%2C heterozygous and homozygous knockout embryos. The RNA was DNase treated.  Stranded RNAseq libraries were constructed using the Illumina TruSeq Stranded RNA protocol with oligo dT pulldown.%0A%0AThis data is part of a pre-publication release. For information on the proper use of pre-publication data shared by the Wellcome Trust Sanger Institute (including details of any publication moratoria)%2C please see http%3A%2F%2Fwww.sanger.ac.uk%2Fdatasharing%2F,3749,Transcriptome profiling of zebrafish tcf3a and tcf3b knockout embryos,Danio_rerio (zv9),,Transcriptome profiling of zebrafish tcf3a and tcf3b knockout embryos,4,
2,14799017,ERS804069,,ACAGTG,,RNA-seq dUTP eukaryotic,ACAGTG,,jec@sanger.ac.uk ncb@sanger.ac.uk nw6@sanger.ac.uk,nw6@sanger.ac.uk,ncb@sanger.ac.uk,jec@sanger.ac.uk,0,0,,,,,7955,S0518,82,ZF molecular phenotype,,,from:100 to:300,ERS804069,,Danio rerio,,Total RNA from a single zebrafish embryo%2C homozygous for tcf3b%2C allele zf157Tg collected at 80%25 epiboly.,,2363880,3749STDY6166880,tcf3b_homozygous_E2,,,888,ERP011114,1,0,0,Total RNA was extracted from zebrafish embryos at 80%25 epiboly and genotyped for tcf3a and tcf3b to identify wild type%2C heterozygous and homozygous knockout embryos. The RNA was DNase treated.  Stranded RNAseq libraries were constructed using the Illumina TruSeq Stranded RNA protocol with oligo dT pulldown.%0A%0AThis data is part of a pre-publication release. For information on the proper use of pre-publication data shared by the Wellcome Trust Sanger Institute (including details of any publication moratoria)%2C please see http%3A%2F%2Fwww.sanger.ac.uk%2Fdatasharing%2F,3749,Transcriptome profiling of zebrafish tcf3a and tcf3b knockout embryos,Danio_rerio (zv9),,Transcriptome profiling of zebrafish tcf3a and tcf3b knockout embryos,5,
2,14799029,ERS804070,,GCCAAT,,RNA-seq dUTP eukaryotic,GCCAAT,,jec@sanger.ac.uk ncb@sanger.ac.uk nw6@sanger.ac.uk,nw6@sanger.ac.uk,ncb@sanger.ac.uk,jec@sanger.ac.uk,0,0,,,,,7955,S0518,82,ZF molecular phenotype,,,from:100 to:300,ERS804070,,Danio rerio,,Total RNA from a single zebrafish embryo%2C homozygous for tcf3b%2C allele zf157Tg collected at 80%25 epiboly.,,2363881,3749STDY6166881,tcf3b_homozygous_F2,,,888,ERP011114,1,0,0,Total RNA was extracted from zebrafish embryos at 80%25 epiboly and genotyped for tcf3a and tcf3b to identify wild type%2C heterozygous and homozygous knockout embryos. The RNA was DNase treated.  Stranded RNAseq libraries were constructed using the Illumina TruSeq Stranded RNA protocol with oligo dT pulldown.%0A%0AThis data is part of a pre-publication release. For information on the proper use of pre-publication data shared by the Wellcome Trust Sanger Institute (including details of any publication moratoria)%2C please see http%3A%2F%2Fwww.sanger.ac.uk%2Fdatasharing%2F,3749,Transcriptome profiling of zebrafish tcf3a and tcf3b knockout embryos,Danio_rerio (zv9),,Transcriptome profiling of zebrafish tcf3a and tcf3b knockout embryos,6,
2,14799041,ERS804071,,CAGATC,,RNA-seq dUTP eukaryotic,CAGATC,,jec@sanger.ac.uk ncb@sanger.ac.uk nw6@sanger.ac.uk,nw6@sanger.ac.uk,ncb@sanger.ac.uk,jec@sanger.ac.uk,0,0,,,,,7955,S0518,82,ZF molecular phenotype,,,from:100 to:300,ERS804071,,Danio rerio,,Total RNA from a single zebrafish embryo%2C homozygous for tcf3b%2C allele zf157Tg collected at 80%25 epiboly.,,2363882,3749STDY6166882,tcf3b_homozygous_G2,,,888,ERP011114,1,0,0,Total RNA was extracted from zebrafish embryos at 80%25 epiboly and genotyped for tcf3a and tcf3b to identify wild type%2C heterozygous and homozygous knockout embryos. The RNA was DNase treated.  Stranded RNAseq libraries were constructed using the Illumina TruSeq Stranded RNA protocol with oligo dT pulldown.%0A%0AThis data is part of a pre-publication release. For information on the proper use of pre-publication data shared by the Wellcome Trust Sanger Institute (including details of any publication moratoria)%2C please see http%3A%2F%2Fwww.sanger.ac.uk%2Fdatasharing%2F,3749,Transcriptome profiling of zebrafish tcf3a and tcf3b knockout embryos,Danio_rerio (zv9),,Transcriptome profiling of zebrafish tcf3a and tcf3b knockout embryos,7,
2,14799053,ERS804072,,ACTTGA,,RNA-seq dUTP eukaryotic,ACTTGA,,jec@sanger.ac.uk ncb@sanger.ac.uk nw6@sanger.ac.uk,nw6@sanger.ac.uk,ncb@sanger.ac.uk,jec@sanger.ac.uk,0,0,,,,,7955,S0518,82,ZF molecular phenotype,,,from:100 to:300,ERS804072,,Danio rerio,,Total RNA from a single zebrafish embryo%2C homozygous for tcf3b%2C allele zf157Tg collected at 80%25 epiboly.,,2363883,3749STDY6166883,tcf3b_homozygous_H2,,,888,ERP011114,1,0,0,Total RNA was extracted from zebrafish embryos at 80%25 epiboly and genotyped for tcf3a and tcf3b to identify wild type%2C heterozygous and homozygous knockout embryos. The RNA was DNase treated.  Stranded RNAseq libraries were constructed using the Illumina TruSeq Stranded RNA protocol with oligo dT pulldown.%0A%0AThis data is part of a pre-publication release. For information on the proper use of pre-publication data shared by the Wellcome Trust Sanger Institute (including details of any publication moratoria)%2C please see http%3A%2F%2Fwww.sanger.ac.uk%2Fdatasharing%2F,3749,Transcriptome profiling of zebrafish tcf3a and tcf3b knockout embryos,Danio_rerio (zv9),,Transcriptome profiling of zebrafish tcf3a and tcf3b knockout embryos,8,
2,14798970,ERS804073,,GATCAG,,RNA-seq dUTP eukaryotic,GATCAG,,jec@sanger.ac.uk ncb@sanger.ac.uk nw6@sanger.ac.uk,nw6@sanger.ac.uk,ncb@sanger.ac.uk,jec@sanger.ac.uk,0,0,,,,,7955,S0518,82,ZF molecular phenotype,,,from:100 to:300,ERS804073,,Danio rerio,,Total RNA from a single zebrafish embryo%2C wild type for tcf3b%2C allele zf157Tg collected at 80%25 epiboly.,,2363884,3749STDY6166884,tcf3b_wild type_A3,,,888,ERP011114,1,0,0,Total RNA was extracted from zebrafish embryos at 80%25 epiboly and genotyped for tcf3a and tcf3b to identify wild type%2C heterozygous and homozygous knockout embryos. The RNA was DNase treated.  Stranded RNAseq libraries were constructed using the Illumina TruSeq Stranded RNA protocol with oligo dT pulldown.%0A%0AThis data is part of a pre-publication release. For information on the proper use of pre-publication data shared by the Wellcome Trust Sanger Institute (including details of any publication moratoria)%2C please see http%3A%2F%2Fwww.sanger.ac.uk%2Fdatasharing%2F,3749,Transcriptome profiling of zebrafish tcf3a and tcf3b knockout embryos,Danio_rerio (zv9),,Transcriptome profiling of zebrafish tcf3a and tcf3b knockout embryos,9,
2,14798982,ERS804074,,TAGCTT,,RNA-seq dUTP eukaryotic,TAGCTT,,jec@sanger.ac.uk ncb@sanger.ac.uk nw6@sanger.ac.uk,nw6@sanger.ac.uk,ncb@sanger.ac.uk,jec@sanger.ac.uk,0,0,,,,,7955,S0518,82,ZF molecular phenotype,,,from:100 to:300,ERS804074,,Danio rerio,,Total RNA from a single zebrafish embryo%2C wild type for tcf3b%2C allele zf157Tg collected at 80%25 epiboly.,,2363885,3749STDY6166885,tcf3b_wild type_B3,,,888,ERP011114,1,0,0,Total RNA was extracted from zebrafish embryos at 80%25 epiboly and genotyped for tcf3a and tcf3b to identify wild type%2C heterozygous and homozygous knockout embryos. The RNA was DNase treated.  Stranded RNAseq libraries were constructed using the Illumina TruSeq Stranded RNA protocol with oligo dT pulldown.%0A%0AThis data is part of a pre-publication release. For information on the proper use of pre-publication data shared by the Wellcome Trust Sanger Institute (including details of any publication moratoria)%2C please see http%3A%2F%2Fwww.sanger.ac.uk%2Fdatasharing%2F,3749,Transcriptome profiling of zebrafish tcf3a and tcf3b knockout embryos,Danio_rerio (zv9),,Transcriptome profiling of zebrafish tcf3a and tcf3b knockout embryos,10,
2,14798994,ERS804075,,GGCTAC,,RNA-seq dUTP eukaryotic,GGCTAC,,jec@sanger.ac.uk ncb@sanger.ac.uk nw6@sanger.ac.uk,nw6@sanger.ac.uk,ncb@sanger.ac.uk,jec@sanger.ac.uk,0,0,,,,,7955,S0518,82,ZF molecular phenotype,,,from:100 to:300,ERS804075,,Danio rerio,,Total RNA from a single zebrafish embryo%2C wild type for tcf3b%2C allele zf157Tg collected at 80%25 epiboly.,,2363886,3749STDY6166886,tcf3b_wild type_C3,,,888,ERP011114,1,0,0,Total RNA was extracted from zebrafish embryos at 80%25 epiboly and genotyped for tcf3a and tcf3b to identify wild type%2C heterozygous and homozygous knockout embryos. The RNA was DNase treated.  Stranded RNAseq libraries were constructed using the Illumina TruSeq Stranded RNA protocol with oligo dT pulldown.%0A%0AThis data is part of a pre-publication release. For information on the proper use of pre-publication data shared by the Wellcome Trust Sanger Institute (including details of any publication moratoria)%2C please see http%3A%2F%2Fwww.sanger.ac.uk%2Fdatasharing%2F,3749,Transcriptome profiling of zebrafish tcf3a and tcf3b knockout embryos,Danio_rerio (zv9),,Transcriptome profiling of zebrafish tcf3a and tcf3b knockout embryos,11,
2,14799006,ERS804076,,CTTGTA,,RNA-seq dUTP eukaryotic,CTTGTA,,jec@sanger.ac.uk ncb@sanger.ac.uk nw6@sanger.ac.uk,nw6@sanger.ac.uk,ncb@sanger.ac.uk,jec@sanger.ac.uk,0,0,,,,,7955,S0518,82,ZF molecular phenotype,,,from:100 to:300,ERS804076,,Danio rerio,,Total RNA from a single zebrafish embryo%2C wild type for tcf3b%2C allele zf157Tg collected at 80%25 epiboly.,,2363887,3749STDY6166887,tcf3b_wild type_D3,,,888,ERP011114,1,0,0,Total RNA was extracted from zebrafish embryos at 80%25 epiboly and genotyped for tcf3a and tcf3b to identify wild type%2C heterozygous and homozygous knockout embryos. The RNA was DNase treated.  Stranded RNAseq libraries were constructed using the Illumina TruSeq Stranded RNA protocol with oligo dT pulldown.%0A%0AThis data is part of a pre-publication release. For information on the proper use of pre-publication data shared by the Wellcome Trust Sanger Institute (including details of any publication moratoria)%2C please see http%3A%2F%2Fwww.sanger.ac.uk%2Fdatasharing%2F,3749,Transcriptome profiling of zebrafish tcf3a and tcf3b knockout embryos,Danio_rerio (zv9),,Transcriptome profiling of zebrafish tcf3a and tcf3b knockout embryos,12,
2,12172503,phiX_for_spiked_buffers,,ACAACGCAATC,,,ACAACGCAATC,,hps@sanger.ac.uk,,hps@sanger.ac.uk,hps@sanger.ac.uk,1,0,,,PhiXBPS24Oct14,,10847,,,,,,,,,,,,,1255141,phiX_for_spiked_buffers,,,,888,,1,0,0,None,198,Illumina Controls,,,,888,
3,14848484,ERS812459,,ATCACG,,RNA-seq dUTP eukaryotic,ATCACG,,mg16@sanger.ac.uk ncb@sanger.ac.uk,,ncb@sanger.ac.uk,mg16@sanger.ac.uk,0,0,,,,,10090,S0815,1608,RNA sequencing of mouse haemopoietic cells,,,from:100 to:300,ERS812459,,Mus musculus,,Total RNA extracted from Lin_neg_bone marrow,,2377275,3291STDY6178377,DSMX47_4E,,,888,ERP006862,1,0,0,Comprehensive analysis of AML genomes has revealed co-occurring mutations in DNA and%0Ahistone modifying enzymes suggesting their crucial role in tumourigenesis. To gain inside into%0Athe role of those genes in AML we generated mouse models recapitulating mutations in part%0Aof the most frequent ones. We hypothesise that aberrant chromatin modification and%0Aunderlying effect on gene expression largely contribute to leukemogenesis. To test this%0Ahypothesis we propose to compare gene expression and DNA and histone modification in the%0Apresence or absence of single gene mutation in mouse hematopoietic stem and progenitor%0Acompartment in a pre-leukaemia setting. Characterisation of these models will inform the%0Abiology of AML%2C identify potential therapeutic targets and provide platforms for the%0Aassessment of novel therapeutics.%0A%0A%0AThis data is part of a pre-publication release. For information on the proper use of pre-publication data shared by the Wellcome Trust Sanger Institute (including details of any publication moratoria)%2C please see http%3A%2F%2Fwww.sanger.ac.uk%2Fdatasharing%2F,3291,RNA sequencing of mouse haemopoietic cells 2014%2F15,Mus_musculus (GRCm38 %2B ensembl_75_transcriptome),,RNA sequencing of mouse haemopoietic cells 2014%2F15,1,
3,14848496,ERS812460,,CGATGT,,RNA-seq dUTP eukaryotic,CGATGT,,mg16@sanger.ac.uk ncb@sanger.ac.uk,,ncb@sanger.ac.uk,mg16@sanger.ac.uk,0,0,,,,,10090,S0815,1608,RNA sequencing of mouse haemopoietic cells,,,from:100 to:300,ERS812460,,Mus musculus,,Total RNA extracted from Lin_neg_bone marrow,,2377276,3291STDY6178378,DSMX47_4F,,,888,ERP006862,1,0,0,Comprehensive analysis of AML genomes has revealed co-occurring mutations in DNA and%0Ahistone modifying enzymes suggesting their crucial role in tumourigenesis. To gain inside into%0Athe role of those genes in AML we generated mouse models recapitulating mutations in part%0Aof the most frequent ones. We hypothesise that aberrant chromatin modification and%0Aunderlying effect on gene expression largely contribute to leukemogenesis. To test this%0Ahypothesis we propose to compare gene expression and DNA and histone modification in the%0Apresence or absence of single gene mutation in mouse hematopoietic stem and progenitor%0Acompartment in a pre-leukaemia setting. Characterisation of these models will inform the%0Abiology of AML%2C identify potential therapeutic targets and provide platforms for the%0Aassessment of novel therapeutics.%0A%0A%0AThis data is part of a pre-publication release. For information on the proper use of pre-publication data shared by the Wellcome Trust Sanger Institute (including details of any publication moratoria)%2C please see http%3A%2F%2Fwww.sanger.ac.uk%2Fdatasharing%2F,3291,RNA sequencing of mouse haemopoietic cells 2014%2F15,Mus_musculus (GRCm38 %2B ensembl_75_transcriptome),,RNA sequencing of mouse haemopoietic cells 2014%2F15,2,
3,14848508,ERS812461,,TTAGGC,,RNA-seq dUTP eukaryotic,TTAGGC,,mg16@sanger.ac.uk ncb@sanger.ac.uk,,ncb@sanger.ac.uk,mg16@sanger.ac.uk,0,0,,,,,10090,S0815,1608,RNA sequencing of mouse haemopoietic cells,,,from:100 to:300,ERS812461,,Mus musculus,,Total RNA extracted from Lin_neg_bone marrow,,2377277,3291STDY6178379,DSMX47_4G,,,888,ERP006862,1,0,0,Comprehensive analysis of AML genomes has revealed co-occurring mutations in DNA and%0Ahistone modifying enzymes suggesting their crucial role in tumourigenesis. To gain inside into%0Athe role of those genes in AML we generated mouse models recapitulating mutations in part%0Aof the most frequent ones. We hypothesise that aberrant chromatin modification and%0Aunderlying effect on gene expression largely contribute to leukemogenesis. To test this%0Ahypothesis we propose to compare gene expression and DNA and histone modification in the%0Apresence or absence of single gene mutation in mouse hematopoietic stem and progenitor%0Acompartment in a pre-leukaemia setting. Characterisation of these models will inform the%0Abiology of AML%2C identify potential therapeutic targets and provide platforms for the%0Aassessment of novel therapeutics.%0A%0A%0AThis data is part of a pre-publication release. For information on the proper use of pre-publication data shared by the Wellcome Trust Sanger Institute (including details of any publication moratoria)%2C please see http%3A%2F%2Fwww.sanger.ac.uk%2Fdatasharing%2F,3291,RNA sequencing of mouse haemopoietic cells 2014%2F15,Mus_musculus (GRCm38 %2B ensembl_75_transcriptome),,RNA sequencing of mouse haemopoietic cells 2014%2F15,3,
3,14848520,ERS812462,,TGACCA,,RNA-seq dUTP eukaryotic,TGACCA,,mg16@sanger.ac.uk ncb@sanger.ac.uk,,ncb@sanger.ac.uk,mg16@sanger.ac.uk,0,0,,,,,10090,S0815,1608,RNA sequencing of mouse haemopoietic cells,,,from:100 to:300,ERS812462,,Mus musculus,,Total RNA extracted from Lin_neg_bone marrow,,2377278,3291STDY6178380,DSMX47_4H,,,888,ERP006862,1,0,0,Comprehensive analysis of AML genomes has revealed co-occurring mutations in DNA and%0Ahistone modifying enzymes suggesting their crucial role in tumourigenesis. To gain inside into%0Athe role of those genes in AML we generated mouse models recapitulating mutations in part%0Aof the most frequent ones. We hypothesise that aberrant chromatin modification and%0Aunderlying effect on gene expression largely contribute to leukemogenesis. To test this%0Ahypothesis we propose to compare gene expression and DNA and histone modification in the%0Apresence or absence of single gene mutation in mouse hematopoietic stem and progenitor%0Acompartment in a pre-leukaemia setting. Characterisation of these models will inform the%0Abiology of AML%2C identify potential therapeutic targets and provide platforms for the%0Aassessment of novel therapeutics.%0A%0A%0AThis data is part of a pre-publication release. For information on the proper use of pre-publication data shared by the Wellcome Trust Sanger Institute (including details of any publication moratoria)%2C please see http%3A%2F%2Fwww.sanger.ac.uk%2Fdatasharing%2F,3291,RNA sequencing of mouse haemopoietic cells 2014%2F15,Mus_musculus (GRCm38 %2B ensembl_75_transcriptome),,RNA sequencing of mouse haemopoietic cells 2014%2F15,4,
3,14848532,ERS812463,,ACAGTG,,RNA-seq dUTP eukaryotic,ACAGTG,,mg16@sanger.ac.uk ncb@sanger.ac.uk,,ncb@sanger.ac.uk,mg16@sanger.ac.uk,0,0,,,,,10090,S0815,1608,RNA sequencing of mouse haemopoietic cells,,,from:100 to:300,ERS812463,,Mus musculus,,Total RNA extracted from Lin_neg_bone marrow,,2377279,3291STDY6178381,IHMX1_1C,,,888,ERP006862,1,0,0,Comprehensive analysis of AML genomes has revealed co-occurring mutations in DNA and%0Ahistone modifying enzymes suggesting their crucial role in tumourigenesis. To gain inside into%0Athe role of those genes in AML we generated mouse models recapitulating mutations in part%0Aof the most frequent ones. We hypothesise that aberrant chromatin modification and%0Aunderlying effect on gene expression largely contribute to leukemogenesis. To test this%0Ahypothesis we propose to compare gene expression and DNA and histone modification in the%0Apresence or absence of single gene mutation in mouse hematopoietic stem and progenitor%0Acompartment in a pre-leukaemia setting. Characterisation of these models will inform the%0Abiology of AML%2C identify potential therapeutic targets and provide platforms for the%0Aassessment of novel therapeutics.%0A%0A%0AThis data is part of a pre-publication release. For information on the proper use of pre-publication data shared by the Wellcome Trust Sanger Institute (including details of any publication moratoria)%2C please see http%3A%2F%2Fwww.sanger.ac.uk%2Fdatasharing%2F,3291,RNA sequencing of mouse haemopoietic cells 2014%2F15,Mus_musculus (GRCm38 %2B ensembl_75_transcriptome),,RNA sequencing of mouse haemopoietic cells 2014%2F15,5,
3,14848544,ERS812464,,GCCAAT,,RNA-seq dUTP eukaryotic,GCCAAT,,mg16@sanger.ac.uk ncb@sanger.ac.uk,,ncb@sanger.ac.uk,mg16@sanger.ac.uk,0,0,,,,,10090,S0815,1608,RNA sequencing of mouse haemopoietic cells,,,from:100 to:300,ERS812464,,Mus musculus,,Total RNA extracted from Lin_neg_bone marrow,,2377280,3291STDY6178382,IHMX1_1D,,,888,ERP006862,1,0,0,Comprehensive analysis of AML genomes has revealed co-occurring mutations in DNA and%0Ahistone modifying enzymes suggesting their crucial role in tumourigenesis. To gain inside into%0Athe role of those genes in AML we generated mouse models recapitulating mutations in part%0Aof the most frequent ones. We hypothesise that aberrant chromatin modification and%0Aunderlying effect on gene expression largely contribute to leukemogenesis. To test this%0Ahypothesis we propose to compare gene expression and DNA and histone modification in the%0Apresence or absence of single gene mutation in mouse hematopoietic stem and progenitor%0Acompartment in a pre-leukaemia setting. Characterisation of these models will inform the%0Abiology of AML%2C identify potential therapeutic targets and provide platforms for the%0Aassessment of novel therapeutics.%0A%0A%0AThis data is part of a pre-publication release. For information on the proper use of pre-publication data shared by the Wellcome Trust Sanger Institute (including details of any publication moratoria)%2C please see http%3A%2F%2Fwww.sanger.ac.uk%2Fdatasharing%2F,3291,RNA sequencing of mouse haemopoietic cells 2014%2F15,Mus_musculus (GRCm38 %2B ensembl_75_transcriptome),,RNA sequencing of mouse haemopoietic cells 2014%2F15,6,
3,14848556,ERS812465,,CAGATC,,RNA-seq dUTP eukaryotic,CAGATC,,mg16@sanger.ac.uk ncb@sanger.ac.uk,,ncb@sanger.ac.uk,mg16@sanger.ac.uk,0,0,,,,,10090,S0815,1608,RNA sequencing of mouse haemopoietic cells,,,from:100 to:300,ERS812465,,Mus musculus,,Total RNA extracted from Lin_neg_bone marrow,,2377281,3291STDY6178383,IHMX2_1B,,,888,ERP006862,1,0,0,Comprehensive analysis of AML genomes has revealed co-occurring mutations in DNA and%0Ahistone modifying enzymes suggesting their crucial role in tumourigenesis. To gain inside into%0Athe role of those genes in AML we generated mouse models recapitulating mutations in part%0Aof the most frequent ones. We hypothesise that aberrant chromatin modification and%0Aunderlying effect on gene expression largely contribute to leukemogenesis. To test this%0Ahypothesis we propose to compare gene expression and DNA and histone modification in the%0Apresence or absence of single gene mutation in mouse hematopoietic stem and progenitor%0Acompartment in a pre-leukaemia setting. Characterisation of these models will inform the%0Abiology of AML%2C identify potential therapeutic targets and provide platforms for the%0Aassessment of novel therapeutics.%0A%0A%0AThis data is part of a pre-publication release. For information on the proper use of pre-publication data shared by the Wellcome Trust Sanger Institute (including details of any publication moratoria)%2C please see http%3A%2F%2Fwww.sanger.ac.uk%2Fdatasharing%2F,3291,RNA sequencing of mouse haemopoietic cells 2014%2F15,Mus_musculus (GRCm38 %2B ensembl_75_transcriptome),,RNA sequencing of mouse haemopoietic cells 2014%2F15,7,
3,14848568,ERS812466,,ACTTGA,,RNA-seq dUTP eukaryotic,ACTTGA,,mg16@sanger.ac.uk ncb@sanger.ac.uk,,ncb@sanger.ac.uk,mg16@sanger.ac.uk,0,0,,,,,10090,S0815,1608,RNA sequencing of mouse haemopoietic cells,,,from:100 to:300,ERS812466,,Mus musculus,,Total RNA extracted from Lin_neg_bone marrow,,2377282,3291STDY6178384,IHMX2_1C,,,888,ERP006862,1,0,0,Comprehensive analysis of AML genomes has revealed co-occurring mutations in DNA and%0Ahistone modifying enzymes suggesting their crucial role in tumourigenesis. To gain inside into%0Athe role of those genes in AML we generated mouse models recapitulating mutations in part%0Aof the most frequent ones. We hypothesise that aberrant chromatin modification and%0Aunderlying effect on gene expression largely contribute to leukemogenesis. To test this%0Ahypothesis we propose to compare gene expression and DNA and histone modification in the%0Apresence or absence of single gene mutation in mouse hematopoietic stem and progenitor%0Acompartment in a pre-leukaemia setting. Characterisation of these models will inform the%0Abiology of AML%2C identify potential therapeutic targets and provide platforms for the%0Aassessment of novel therapeutics.%0A%0A%0AThis data is part of a pre-publication release. For information on the proper use of pre-publication data shared by the Wellcome Trust Sanger Institute (including details of any publication moratoria)%2C please see http%3A%2F%2Fwww.sanger.ac.uk%2Fdatasharing%2F,3291,RNA sequencing of mouse haemopoietic cells 2014%2F15,Mus_musculus (GRCm38 %2B ensembl_75_transcriptome),,RNA sequencing of mouse haemopoietic cells 2014%2F15,8,
3,12172503,phiX_for_spiked_buffers,,ACAACGCAATC,,,ACAACGCAATC,,hps@sanger.ac.uk,,hps@sanger.ac.uk,hps@sanger.ac.uk,1,0,,,PhiXBPS24Oct14,,10847,,,,,,,,,,,,,1255141,phiX_for_spiked_buffers,,,,888,,1,0,0,None,198,Illumina Controls,,,,888,
4,14848484,ERS812459,,ATCACG,,RNA-seq dUTP eukaryotic,ATCACG,,mg16@sanger.ac.uk ncb@sanger.ac.uk,,ncb@sanger.ac.uk,mg16@sanger.ac.uk,0,0,,,,,10090,S0815,1608,RNA sequencing of mouse haemopoietic cells,,,from:100 to:300,ERS812459,,Mus musculus,,Total RNA extracted from Lin_neg_bone marrow,,2377275,3291STDY6178377,DSMX47_4E,,,888,ERP006862,1,0,0,Comprehensive analysis of AML genomes has revealed co-occurring mutations in DNA and%0Ahistone modifying enzymes suggesting their crucial role in tumourigenesis. To gain inside into%0Athe role of those genes in AML we generated mouse models recapitulating mutations in part%0Aof the most frequent ones. We hypothesise that aberrant chromatin modification and%0Aunderlying effect on gene expression largely contribute to leukemogenesis. To test this%0Ahypothesis we propose to compare gene expression and DNA and histone modification in the%0Apresence or absence of single gene mutation in mouse hematopoietic stem and progenitor%0Acompartment in a pre-leukaemia setting. Characterisation of these models will inform the%0Abiology of AML%2C identify potential therapeutic targets and provide platforms for the%0Aassessment of novel therapeutics.%0A%0A%0AThis data is part of a pre-publication release. For information on the proper use of pre-publication data shared by the Wellcome Trust Sanger Institute (including details of any publication moratoria)%2C please see http%3A%2F%2Fwww.sanger.ac.uk%2Fdatasharing%2F,3291,RNA sequencing of mouse haemopoietic cells 2014%2F15,Mus_musculus (GRCm38 %2B ensembl_75_transcriptome),,RNA sequencing of mouse haemopoietic cells 2014%2F15,1,
4,14848496,ERS812460,,CGATGT,,RNA-seq dUTP eukaryotic,CGATGT,,mg16@sanger.ac.uk ncb@sanger.ac.uk,,ncb@sanger.ac.uk,mg16@sanger.ac.uk,0,0,,,,,10090,S0815,1608,RNA sequencing of mouse haemopoietic cells,,,from:100 to:300,ERS812460,,Mus musculus,,Total RNA extracted from Lin_neg_bone marrow,,2377276,3291STDY6178378,DSMX47_4F,,,888,ERP006862,1,0,0,Comprehensive analysis of AML genomes has revealed co-occurring mutations in DNA and%0Ahistone modifying enzymes suggesting their crucial role in tumourigenesis. To gain inside into%0Athe role of those genes in AML we generated mouse models recapitulating mutations in part%0Aof the most frequent ones. We hypothesise that aberrant chromatin modification and%0Aunderlying effect on gene expression largely contribute to leukemogenesis. To test this%0Ahypothesis we propose to compare gene expression and DNA and histone modification in the%0Apresence or absence of single gene mutation in mouse hematopoietic stem and progenitor%0Acompartment in a pre-leukaemia setting. Characterisation of these models will inform the%0Abiology of AML%2C identify potential therapeutic targets and provide platforms for the%0Aassessment of novel therapeutics.%0A%0A%0AThis data is part of a pre-publication release. For information on the proper use of pre-publication data shared by the Wellcome Trust Sanger Institute (including details of any publication moratoria)%2C please see http%3A%2F%2Fwww.sanger.ac.uk%2Fdatasharing%2F,3291,RNA sequencing of mouse haemopoietic cells 2014%2F15,Mus_musculus (GRCm38 %2B ensembl_75_transcriptome),,RNA sequencing of mouse haemopoietic cells 2014%2F15,2,
4,14848508,ERS812461,,TTAGGC,,RNA-seq dUTP eukaryotic,TTAGGC,,mg16@sanger.ac.uk ncb@sanger.ac.uk,,ncb@sanger.ac.uk,mg16@sanger.ac.uk,0,0,,,,,10090,S0815,1608,RNA sequencing of mouse haemopoietic cells,,,from:100 to:300,ERS812461,,Mus musculus,,Total RNA extracted from Lin_neg_bone marrow,,2377277,3291STDY6178379,DSMX47_4G,,,888,ERP006862,1,0,0,Comprehensive analysis of AML genomes has revealed co-occurring mutations in DNA and%0Ahistone modifying enzymes suggesting their crucial role in tumourigenesis. To gain inside into%0Athe role of those genes in AML we generated mouse models recapitulating mutations in part%0Aof the most frequent ones. We hypothesise that aberrant chromatin modification and%0Aunderlying effect on gene expression largely contribute to leukemogenesis. To test this%0Ahypothesis we propose to compare gene expression and DNA and histone modification in the%0Apresence or absence of single gene mutation in mouse hematopoietic stem and progenitor%0Acompartment in a pre-leukaemia setting. Characterisation of these models will inform the%0Abiology of AML%2C identify potential therapeutic targets and provide platforms for the%0Aassessment of novel therapeutics.%0A%0A%0AThis data is part of a pre-publication release. For information on the proper use of pre-publication data shared by the Wellcome Trust Sanger Institute (including details of any publication moratoria)%2C please see http%3A%2F%2Fwww.sanger.ac.uk%2Fdatasharing%2F,3291,RNA sequencing of mouse haemopoietic cells 2014%2F15,Mus_musculus (GRCm38 %2B ensembl_75_transcriptome),,RNA sequencing of mouse haemopoietic cells 2014%2F15,3,
4,14848520,ERS812462,,TGACCA,,RNA-seq dUTP eukaryotic,TGACCA,,mg16@sanger.ac.uk ncb@sanger.ac.uk,,ncb@sanger.ac.uk,mg16@sanger.ac.uk,0,0,,,,,10090,S0815,1608,RNA sequencing of mouse haemopoietic cells,,,from:100 to:300,ERS812462,,Mus musculus,,Total RNA extracted from Lin_neg_bone marrow,,2377278,3291STDY6178380,DSMX47_4H,,,888,ERP006862,1,0,0,Comprehensive analysis of AML genomes has revealed co-occurring mutations in DNA and%0Ahistone modifying enzymes suggesting their crucial role in tumourigenesis. To gain inside into%0Athe role of those genes in AML we generated mouse models recapitulating mutations in part%0Aof the most frequent ones. We hypothesise that aberrant chromatin modification and%0Aunderlying effect on gene expression largely contribute to leukemogenesis. To test this%0Ahypothesis we propose to compare gene expression and DNA and histone modification in the%0Apresence or absence of single gene mutation in mouse hematopoietic stem and progenitor%0Acompartment in a pre-leukaemia setting. Characterisation of these models will inform the%0Abiology of AML%2C identify potential therapeutic targets and provide platforms for the%0Aassessment of novel therapeutics.%0A%0A%0AThis data is part of a pre-publication release. For information on the proper use of pre-publication data shared by the Wellcome Trust Sanger Institute (including details of any publication moratoria)%2C please see http%3A%2F%2Fwww.sanger.ac.uk%2Fdatasharing%2F,3291,RNA sequencing of mouse haemopoietic cells 2014%2F15,Mus_musculus (GRCm38 %2B ensembl_75_transcriptome),,RNA sequencing of mouse haemopoietic cells 2014%2F15,4,
4,14848532,ERS812463,,ACAGTG,,RNA-seq dUTP eukaryotic,ACAGTG,,mg16@sanger.ac.uk ncb@sanger.ac.uk,,ncb@sanger.ac.uk,mg16@sanger.ac.uk,0,0,,,,,10090,S0815,1608,RNA sequencing of mouse haemopoietic cells,,,from:100 to:300,ERS812463,,Mus musculus,,Total RNA extracted from Lin_neg_bone marrow,,2377279,3291STDY6178381,IHMX1_1C,,,888,ERP006862,1,0,0,Comprehensive analysis of AML genomes has revealed co-occurring mutations in DNA and%0Ahistone modifying enzymes suggesting their crucial role in tumourigenesis. To gain inside into%0Athe role of those genes in AML we generated mouse models recapitulating mutations in part%0Aof the most frequent ones. We hypothesise that aberrant chromatin modification and%0Aunderlying effect on gene expression largely contribute to leukemogenesis. To test this%0Ahypothesis we propose to compare gene expression and DNA and histone modification in the%0Apresence or absence of single gene mutation in mouse hematopoietic stem and progenitor%0Acompartment in a pre-leukaemia setting. Characterisation of these models will inform the%0Abiology of AML%2C identify potential therapeutic targets and provide platforms for the%0Aassessment of novel therapeutics.%0A%0A%0AThis data is part of a pre-publication release. For information on the proper use of pre-publication data shared by the Wellcome Trust Sanger Institute (including details of any publication moratoria)%2C please see http%3A%2F%2Fwww.sanger.ac.uk%2Fdatasharing%2F,3291,RNA sequencing of mouse haemopoietic cells 2014%2F15,Mus_musculus (GRCm38 %2B ensembl_75_transcriptome),,RNA sequencing of mouse haemopoietic cells 2014%2F15,5,
4,14848544,ERS812464,,GCCAAT,,RNA-seq dUTP eukaryotic,GCCAAT,,mg16@sanger.ac.uk ncb@sanger.ac.uk,,ncb@sanger.ac.uk,mg16@sanger.ac.uk,0,0,,,,,10090,S0815,1608,RNA sequencing of mouse haemopoietic cells,,,from:100 to:300,ERS812464,,Mus musculus,,Total RNA extracted from Lin_neg_bone marrow,,2377280,3291STDY6178382,IHMX1_1D,,,888,ERP006862,1,0,0,Comprehensive analysis of AML genomes has revealed co-occurring mutations in DNA and%0Ahistone modifying enzymes suggesting their crucial role in tumourigenesis. To gain inside into%0Athe role of those genes in AML we generated mouse models recapitulating mutations in part%0Aof the most frequent ones. We hypothesise that aberrant chromatin modification and%0Aunderlying effect on gene expression largely contribute to leukemogenesis. To test this%0Ahypothesis we propose to compare gene expression and DNA and histone modification in the%0Apresence or absence of single gene mutation in mouse hematopoietic stem and progenitor%0Acompartment in a pre-leukaemia setting. Characterisation of these models will inform the%0Abiology of AML%2C identify potential therapeutic targets and provide platforms for the%0Aassessment of novel therapeutics.%0A%0A%0AThis data is part of a pre-publication release. For information on the proper use of pre-publication data shared by the Wellcome Trust Sanger Institute (including details of any publication moratoria)%2C please see http%3A%2F%2Fwww.sanger.ac.uk%2Fdatasharing%2F,3291,RNA sequencing of mouse haemopoietic cells 2014%2F15,Mus_musculus (GRCm38 %2B ensembl_75_transcriptome),,RNA sequencing of mouse haemopoietic cells 2014%2F15,6,
4,14848556,ERS812465,,CAGATC,,RNA-seq dUTP eukaryotic,CAGATC,,mg16@sanger.ac.uk ncb@sanger.ac.uk,,ncb@sanger.ac.uk,mg16@sanger.ac.uk,0,0,,,,,10090,S0815,1608,RNA sequencing of mouse haemopoietic cells,,,from:100 to:300,ERS812465,,Mus musculus,,Total RNA extracted from Lin_neg_bone marrow,,2377281,3291STDY6178383,IHMX2_1B,,,888,ERP006862,1,0,0,Comprehensive analysis of AML genomes has revealed co-occurring mutations in DNA and%0Ahistone modifying enzymes suggesting their crucial role in tumourigenesis. To gain inside into%0Athe role of those genes in AML we generated mouse models recapitulating mutations in part%0Aof the most frequent ones. We hypothesise that aberrant chromatin modification and%0Aunderlying effect on gene expression largely contribute to leukemogenesis. To test this%0Ahypothesis we propose to compare gene expression and DNA and histone modification in the%0Apresence or absence of single gene mutation in mouse hematopoietic stem and progenitor%0Acompartment in a pre-leukaemia setting. Characterisation of these models will inform the%0Abiology of AML%2C identify potential therapeutic targets and provide platforms for the%0Aassessment of novel therapeutics.%0A%0A%0AThis data is part of a pre-publication release. For information on the proper use of pre-publication data shared by the Wellcome Trust Sanger Institute (including details of any publication moratoria)%2C please see http%3A%2F%2Fwww.sanger.ac.uk%2Fdatasharing%2F,3291,RNA sequencing of mouse haemopoietic cells 2014%2F15,Mus_musculus (GRCm38 %2B ensembl_75_transcriptome),,RNA sequencing of mouse haemopoietic cells 2014%2F15,7,
4,14848568,ERS812466,,ACTTGA,,RNA-seq dUTP eukaryotic,ACTTGA,,mg16@sanger.ac.uk ncb@sanger.ac.uk,,ncb@sanger.ac.uk,mg16@sanger.ac.uk,0,0,,,,,10090,S0815,1608,RNA sequencing of mouse haemopoietic cells,,,from:100 to:300,ERS812466,,Mus musculus,,Total RNA extracted from Lin_neg_bone marrow,,2377282,3291STDY6178384,IHMX2_1C,,,888,ERP006862,1,0,0,Comprehensive analysis of AML genomes has revealed co-occurring mutations in DNA and%0Ahistone modifying enzymes suggesting their crucial role in tumourigenesis. To gain inside into%0Athe role of those genes in AML we generated mouse models recapitulating mutations in part%0Aof the most frequent ones. We hypothesise that aberrant chromatin modification and%0Aunderlying effect on gene expression largely contribute to leukemogenesis. To test this%0Ahypothesis we propose to compare gene expression and DNA and histone modification in the%0Apresence or absence of single gene mutation in mouse hematopoietic stem and progenitor%0Acompartment in a pre-leukaemia setting. Characterisation of these models will inform the%0Abiology of AML%2C identify potential therapeutic targets and provide platforms for the%0Aassessment of novel therapeutics.%0A%0A%0AThis data is part of a pre-publication release. For information on the proper use of pre-publication data shared by the Wellcome Trust Sanger Institute (including details of any publication moratoria)%2C please see http%3A%2F%2Fwww.sanger.ac.uk%2Fdatasharing%2F,3291,RNA sequencing of mouse haemopoietic cells 2014%2F15,Mus_musculus (GRCm38 %2B ensembl_75_transcriptome),,RNA sequencing of mouse haemopoietic cells 2014%2F15,8,
4,12172503,phiX_for_spiked_buffers,,ACAACGCAATC,,,ACAACGCAATC,,hps@sanger.ac.uk,,hps@sanger.ac.uk,hps@sanger.ac.uk,1,0,,,PhiXBPS24Oct14,,10847,,,,,,,,,,,,,1255141,phiX_for_spiked_buffers,,,,888,,1,0,0,None,198,Illumina Controls,,,,888,
5,14766963,ERS793068,,ATCACG,,RNA-seq dUTP,ATCACG,,deh@sanger.ac.uk,,deh@sanger.ac.uk,deh@sanger.ac.uk,0,0,,,293T_Hs 14766963,Homo sapiens,9606,S0703,398,Virus Discovery,,,from:100 to:1000,ERS793068,,Homo sapiens,,,,2357742,293T_Hs,293T,,,888,ERP011057,1,0,0,RNA-seq study on stably transfected cell lines%0AThese data are part of a pre-publication release. For information on the proper use of pre-publication data shared by the Wellcome Trust Sanger Institute (including details of any publication moratoria)%2C please see http%3A%2F%2Fwww.sanger.ac.uk%2Fdatasharing%2F,3745,RNASeq stable cell lines (PK),,,RNASeq stable cell lines,1,
5,14766964,ERS793069,,CGATGT,,RNA-seq dUTP,CGATGT,,deh@sanger.ac.uk,,deh@sanger.ac.uk,deh@sanger.ac.uk,0,0,,,1_293T_chIFITM 14766964,Homo sapiens,9606,S0703,398,Virus Discovery,,,from:100 to:1000,ERS793069,,Homo sapiens,,,,2357743,1_293T_chIFITM,293T%2FchIFITM1,,,888,ERP011057,1,0,0,RNA-seq study on stably transfected cell lines%0AThese data are part of a pre-publication release. For information on the proper use of pre-publication data shared by the Wellcome Trust Sanger Institute (including details of any publication moratoria)%2C please see http%3A%2F%2Fwww.sanger.ac.uk%2Fdatasharing%2F,3745,RNASeq stable cell lines (PK),,,RNASeq stable cell lines,2,
5,14766965,ERS793070,,TTAGGC,,RNA-seq dUTP,TTAGGC,,deh@sanger.ac.uk,,deh@sanger.ac.uk,deh@sanger.ac.uk,0,0,,,2_293T_chIFITM 14766965,Homo sapiens,9606,S0703,398,Virus Discovery,,,from:100 to:1000,ERS793070,,Homo sapiens,,,,2357744,2_293T_chIFITM,293T%2FchIFITM2,,,888,ERP011057,1,0,0,RNA-seq study on stably transfected cell lines%0AThese data are part of a pre-publication release. For information on the proper use of pre-publication data shared by the Wellcome Trust Sanger Institute (including details of any publication moratoria)%2C please see http%3A%2F%2Fwww.sanger.ac.uk%2Fdatasharing%2F,3745,RNASeq stable cell lines (PK),,,RNASeq stable cell lines,3,
5,14766966,ERS793071,,TGACCA,,RNA-seq dUTP,TGACCA,,deh@sanger.ac.uk,,deh@sanger.ac.uk,deh@sanger.ac.uk,0,0,,,3_293T_chIFITM 14766966,Homo sapiens,9606,S0703,398,Virus Discovery,,,from:100 to:1000,ERS793071,,Homo sapiens,,,,2357745,3_293T_chIFITM,293T%2FchIFITM3,,,888,ERP011057,1,0,0,RNA-seq study on stably transfected cell lines%0AThese data are part of a pre-publication release. For information on the proper use of pre-publication data shared by the Wellcome Trust Sanger Institute (including details of any publication moratoria)%2C please see http%3A%2F%2Fwww.sanger.ac.uk%2Fdatasharing%2F,3745,RNASeq stable cell lines (PK),,,RNASeq stable cell lines,4,
5,14766967,ERS793072,,ACAGTG,,RNA-seq dUTP,ACAGTG,,deh@sanger.ac.uk,,deh@sanger.ac.uk,deh@sanger.ac.uk,0,0,,,DF-1_Gg 14766967,Gallus gallus,9031,S0703,398,Virus Discovery,,,from:100 to:1000,ERS793072,,Gallus gallus,,,,2357746,DF-1_Gg,DF-1,,,888,ERP011057,1,0,0,RNA-seq study on stably transfected cell lines%0AThese data are part of a pre-publication release. For information on the proper use of pre-publication data shared by the Wellcome Trust Sanger Institute (including details of any publication moratoria)%2C please see http%3A%2F%2Fwww.sanger.ac.uk%2Fdatasharing%2F,3745,RNASeq stable cell lines (PK),,,RNASeq stable cell lines,5,
5,12172503,phiX_for_spiked_buffers,,ACAACGCAATC,,,ACAACGCAATC,,hps@sanger.ac.uk,,hps@sanger.ac.uk,hps@sanger.ac.uk,1,0,,,PhiXBPS24Oct14,,10847,,,,,,,,,,,,,1255141,phiX_for_spiked_buffers,,,,888,,1,0,0,None,198,Illumina Controls,,,,888,
6,14801131,Kolf_US_1,,ATCACG,,RNA-seq dUTP,ATCACG,,deh@sanger.ac.uk,,deh@sanger.ac.uk,deh@sanger.ac.uk,0,0,,,Kolf_US_1 14801131,Homo sapiens,9606,S0979,1493,Pathogen host sequencing,,,from:100 to:1000,,,Homo sapiens,,,,2381771,Kolf_US_1,,,,888,,1,0,0,To generate an RNA-Seq dataset for organoids stimulated with IL-22%3B Salmonella Typhimurium%3B IL-22 and Salmonella Typhimurium%3B and unstimulated.%0AThese data are part of a pre-publication release. For information on the proper use of pre-publication data shared by the Wellcome Trust Sanger Institute (including details of any publication moratoria)%2C please see http%3A%2F%2Fwww.sanger.ac.uk%2Fdatasharing%2F,3784,I2134 Transcriptional response of Kolf2 intestinal organoids to IL-22 (GD),Homo_sapiens (GRCh38_15),1,Transcriptional response of Kolf2 intestinal organoids to IL-22,1,
6,14801132,Kolf_22_1,,CGATGT,,RNA-seq dUTP,CGATGT,,deh@sanger.ac.uk,,deh@sanger.ac.uk,deh@sanger.ac.uk,0,0,,,Kolf_22_1 14801132,Homo sapiens,9606,S0979,1493,Pathogen host sequencing,,,from:100 to:1000,,,Homo sapiens,,,,2381772,Kolf_22_1,,,,888,,1,0,0,To generate an RNA-Seq dataset for organoids stimulated with IL-22%3B Salmonella Typhimurium%3B IL-22 and Salmonella Typhimurium%3B and unstimulated.%0AThese data are part of a pre-publication release. For information on the proper use of pre-publication data shared by the Wellcome Trust Sanger Institute (including details of any publication moratoria)%2C please see http%3A%2F%2Fwww.sanger.ac.uk%2Fdatasharing%2F,3784,I2134 Transcriptional response of Kolf2 intestinal organoids to IL-22 (GD),Homo_sapiens (GRCh38_15),1,Transcriptional response of Kolf2 intestinal organoids to IL-22,2,
6,14801133,Kolf_ST_1,,TTAGGC,,RNA-seq dUTP,TTAGGC,,deh@sanger.ac.uk,,deh@sanger.ac.uk,deh@sanger.ac.uk,0,0,,,Kolf_ST_1 14801133,Homo sapiens,9606,S0979,1493,Pathogen host sequencing,,,from:100 to:1000,,,Homo sapiens,,,,2381773,Kolf_ST_1,,,,888,,1,0,0,To generate an RNA-Seq dataset for organoids stimulated with IL-22%3B Salmonella Typhimurium%3B IL-22 and Salmonella Typhimurium%3B and unstimulated.%0AThese data are part of a pre-publication release. For information on the proper use of pre-publication data shared by the Wellcome Trust Sanger Institute (including details of any publication moratoria)%2C please see http%3A%2F%2Fwww.sanger.ac.uk%2Fdatasharing%2F,3784,I2134 Transcriptional response of Kolf2 intestinal organoids to IL-22 (GD),Homo_sapiens (GRCh38_15),1,Transcriptional response of Kolf2 intestinal organoids to IL-22,3,
6,14801134,Kolf_22_ST_1,,TGACCA,,RNA-seq dUTP,TGACCA,,deh@sanger.ac.uk,,deh@sanger.ac.uk,deh@sanger.ac.uk,0,0,,,Kolf_22_ST_1 14801134,Homo sapiens,9606,S0979,1493,Pathogen host sequencing,,,from:100 to:1000,,,Homo sapiens,,,,2381774,Kolf_22_ST_1,,,,888,,1,0,0,To generate an RNA-Seq dataset for organoids stimulated with IL-22%3B Salmonella Typhimurium%3B IL-22 and Salmonella Typhimurium%3B and unstimulated.%0AThese data are part of a pre-publication release. For information on the proper use of pre-publication data shared by the Wellcome Trust Sanger Institute (including details of any publication moratoria)%2C please see http%3A%2F%2Fwww.sanger.ac.uk%2Fdatasharing%2F,3784,I2134 Transcriptional response of Kolf2 intestinal organoids to IL-22 (GD),Homo_sapiens (GRCh38_15),1,Transcriptional response of Kolf2 intestinal organoids to IL-22,4,
6,14801135,Kolf_US_2,,ACAGTG,,RNA-seq dUTP,ACAGTG,,deh@sanger.ac.uk,,deh@sanger.ac.uk,deh@sanger.ac.uk,0,0,,,Kolf_US_2 14801135,Homo sapiens,9606,S0979,1493,Pathogen host sequencing,,,from:100 to:1000,,,Homo sapiens,,,,2381775,Kolf_US_2,,,,888,,1,0,0,To generate an RNA-Seq dataset for organoids stimulated with IL-22%3B Salmonella Typhimurium%3B IL-22 and Salmonella Typhimurium%3B and unstimulated.%0AThese data are part of a pre-publication release. For information on the proper use of pre-publication data shared by the Wellcome Trust Sanger Institute (including details of any publication moratoria)%2C please see http%3A%2F%2Fwww.sanger.ac.uk%2Fdatasharing%2F,3784,I2134 Transcriptional response of Kolf2 intestinal organoids to IL-22 (GD),Homo_sapiens (GRCh38_15),1,Transcriptional response of Kolf2 intestinal organoids to IL-22,5,
6,14801136,Kolf_22_2,,GCCAAT,,RNA-seq dUTP,GCCAAT,,deh@sanger.ac.uk,,deh@sanger.ac.uk,deh@sanger.ac.uk,0,0,,,Kolf_22_2 14801136,Homo sapiens,9606,S0979,1493,Pathogen host sequencing,,,from:100 to:1000,,,Homo sapiens,,,,2381776,Kolf_22_2,,,,888,,1,0,0,To generate an RNA-Seq dataset for organoids stimulated with IL-22%3B Salmonella Typhimurium%3B IL-22 and Salmonella Typhimurium%3B and unstimulated.%0AThese data are part of a pre-publication release. For information on the proper use of pre-publication data shared by the Wellcome Trust Sanger Institute (including details of any publication moratoria)%2C please see http%3A%2F%2Fwww.sanger.ac.uk%2Fdatasharing%2F,3784,I2134 Transcriptional response of Kolf2 intestinal organoids to IL-22 (GD),Homo_sapiens (GRCh38_15),1,Transcriptional response of Kolf2 intestinal organoids to IL-22,6,
6,14801137,Kolf_ST_2,,CAGATC,,RNA-seq dUTP,CAGATC,,deh@sanger.ac.uk,,deh@sanger.ac.uk,deh@sanger.ac.uk,0,0,,,Kolf_ST_2 14801137,Homo sapiens,9606,S0979,1493,Pathogen host sequencing,,,from:100 to:1000,,,Homo sapiens,,,,2381777,Kolf_ST_2,,,,888,,1,0,0,To generate an RNA-Seq dataset for organoids stimulated with IL-22%3B Salmonella Typhimurium%3B IL-22 and Salmonella Typhimurium%3B and unstimulated.%0AThese data are part of a pre-publication release. For information on the proper use of pre-publication data shared by the Wellcome Trust Sanger Institute (including details of any publication moratoria)%2C please see http%3A%2F%2Fwww.sanger.ac.uk%2Fdatasharing%2F,3784,I2134 Transcriptional response of Kolf2 intestinal organoids to IL-22 (GD),Homo_sapiens (GRCh38_15),1,Transcriptional response of Kolf2 intestinal organoids to IL-22,7,
6,14801138,Kolf_22_ST_2,,ACTTGA,,RNA-seq dUTP,ACTTGA,,deh@sanger.ac.uk,,deh@sanger.ac.uk,deh@sanger.ac.uk,0,0,,,Kolf_22_ST_2 14801138,Homo sapiens,9606,S0979,1493,Pathogen host sequencing,,,from:100 to:1000,,,Homo sapiens,,,,2381778,Kolf_22_ST_2,,,,888,,1,0,0,To generate an RNA-Seq dataset for organoids stimulated with IL-22%3B Salmonella Typhimurium%3B IL-22 and Salmonella Typhimurium%3B and unstimulated.%0AThese data are part of a pre-publication release. For information on the proper use of pre-publication data shared by the Wellcome Trust Sanger Institute (including details of any publication moratoria)%2C please see http%3A%2F%2Fwww.sanger.ac.uk%2Fdatasharing%2F,3784,I2134 Transcriptional response of Kolf2 intestinal organoids to IL-22 (GD),Homo_sapiens (GRCh38_15),1,Transcriptional response of Kolf2 intestinal organoids to IL-22,8,
6,14801139,Kolf_US_3,,GATCAG,,RNA-seq dUTP,GATCAG,,deh@sanger.ac.uk,,deh@sanger.ac.uk,deh@sanger.ac.uk,0,0,,,Kolf_US_3 14801139,Homo sapiens,9606,S0979,1493,Pathogen host sequencing,,,from:100 to:1000,,,Homo sapiens,,,,2381779,Kolf_US_3,,,,888,,1,0,0,To generate an RNA-Seq dataset for organoids stimulated with IL-22%3B Salmonella Typhimurium%3B IL-22 and Salmonella Typhimurium%3B and unstimulated.%0AThese data are part of a pre-publication release. For information on the proper use of pre-publication data shared by the Wellcome Trust Sanger Institute (including details of any publication moratoria)%2C please see http%3A%2F%2Fwww.sanger.ac.uk%2Fdatasharing%2F,3784,I2134 Transcriptional response of Kolf2 intestinal organoids to IL-22 (GD),Homo_sapiens (GRCh38_15),1,Transcriptional response of Kolf2 intestinal organoids to IL-22,9,
6,14801140,Kolf_22_3,,TAGCTT,,RNA-seq dUTP,TAGCTT,,deh@sanger.ac.uk,,deh@sanger.ac.uk,deh@sanger.ac.uk,0,0,,,Kolf_22_3 14801140,Homo sapiens,9606,S0979,1493,Pathogen host sequencing,,,from:100 to:1000,,,Homo sapiens,,,,2381780,Kolf_22_3,,,,888,,1,0,0,To generate an RNA-Seq dataset for organoids stimulated with IL-22%3B Salmonella Typhimurium%3B IL-22 and Salmonella Typhimurium%3B and unstimulated.%0AThese data are part of a pre-publication release. For information on the proper use of pre-publication data shared by the Wellcome Trust Sanger Institute (including details of any publication moratoria)%2C please see http%3A%2F%2Fwww.sanger.ac.uk%2Fdatasharing%2F,3784,I2134 Transcriptional response of Kolf2 intestinal organoids to IL-22 (GD),Homo_sapiens (GRCh38_15),1,Transcriptional response of Kolf2 intestinal organoids to IL-22,10,
6,14801141,Kolf_ST_3,,GGCTAC,,RNA-seq dUTP,GGCTAC,,deh@sanger.ac.uk,,deh@sanger.ac.uk,deh@sanger.ac.uk,0,0,,,Kolf_ST_3 14801141,Homo sapiens,9606,S0979,1493,Pathogen host sequencing,,,from:100 to:1000,,,Homo sapiens,,,,2381781,Kolf_ST_3,,,,888,,1,0,0,To generate an RNA-Seq dataset for organoids stimulated with IL-22%3B Salmonella Typhimurium%3B IL-22 and Salmonella Typhimurium%3B and unstimulated.%0AThese data are part of a pre-publication release. For information on the proper use of pre-publication data shared by the Wellcome Trust Sanger Institute (including details of any publication moratoria)%2C please see http%3A%2F%2Fwww.sanger.ac.uk%2Fdatasharing%2F,3784,I2134 Transcriptional response of Kolf2 intestinal organoids to IL-22 (GD),Homo_sapiens (GRCh38_15),1,Transcriptional response of Kolf2 intestinal organoids to IL-22,11,
6,14801142,Kolf_22_ST_3,,CTTGTA,,RNA-seq dUTP,CTTGTA,,deh@sanger.ac.uk,,deh@sanger.ac.uk,deh@sanger.ac.uk,0,0,,,Kolf_22_ST_3 14801142,Homo sapiens,9606,S0979,1493,Pathogen host sequencing,,,from:100 to:1000,,,Homo sapiens,,,,2381782,Kolf_22_ST_3,,,,888,,1,0,0,To generate an RNA-Seq dataset for organoids stimulated with IL-22%3B Salmonella Typhimurium%3B IL-22 and Salmonella Typhimurium%3B and unstimulated.%0AThese data are part of a pre-publication release. For information on the proper use of pre-publication data shared by the Wellcome Trust Sanger Institute (including details of any publication moratoria)%2C please see http%3A%2F%2Fwww.sanger.ac.uk%2Fdatasharing%2F,3784,I2134 Transcriptional response of Kolf2 intestinal organoids to IL-22 (GD),Homo_sapiens (GRCh38_15),1,Transcriptional response of Kolf2 intestinal organoids to IL-22,12,
6,12172503,phiX_for_spiked_buffers,,ACAACGCAATC,,,ACAACGCAATC,,hps@sanger.ac.uk,,hps@sanger.ac.uk,hps@sanger.ac.uk,1,0,,,PhiXBPS24Oct14,,10847,,,,,,,,,,,,,1255141,phiX_for_spiked_buffers,,,,888,,1,0,0,None,198,Illumina Controls,,,,888,
7,14727828,ERS811017,,ATCACGTT,,ChIP-Seq Auto,ATCACGTT,,mg16@sanger.ac.uk ncb@sanger.ac.uk,,ncb@sanger.ac.uk,mg16@sanger.ac.uk,0,0,,,,,10090,S0815,1927,Analysis of the chromatin state of mouse stem and progenitor cell compartment S0815,,,from:100 to:1000,ERS811017,,Mus musculus,,Lin_neg_bone marrow,,2376981,2905STDY6178179,UTX_INPUT_A,,,888,ERP004563,1,0,0,This data is part of a pre-publication release. For information on the proper use of pre-publication data shared by the Wellcome Trust Sanger Institute (including details of any publication moratoria)%2C please see http%3A%2F%2Fwww.sanger.ac.uk%2Fdatasharing%2F%0A,2905,Analysis of the chromatin state of mouse stem and progenitor cell compartment,Mus_musculus (GRCm38),,Analysis of the chromatin state of mouse stem and progenitor cell compartment      ,1,
7,14727912,ERS811024,,ACTTGATG,,ChIP-Seq Auto,ACTTGATG,,mg16@sanger.ac.uk ncb@sanger.ac.uk,,ncb@sanger.ac.uk,mg16@sanger.ac.uk,0,0,,,,,10090,S0815,1927,Analysis of the chromatin state of mouse stem and progenitor cell compartment S0815,,,from:100 to:1000,ERS811024,,Mus musculus,,Lin_neg_bone marrow,,2376988,2905STDY6178186,KAMX34_4F_UTX_Bethyl,,,888,ERP004563,1,0,0,This data is part of a pre-publication release. For information on the proper use of pre-publication data shared by the Wellcome Trust Sanger Institute (including details of any publication moratoria)%2C please see http%3A%2F%2Fwww.sanger.ac.uk%2Fdatasharing%2F%0A,2905,Analysis of the chromatin state of mouse stem and progenitor cell compartment,Mus_musculus (GRCm38),,Analysis of the chromatin state of mouse stem and progenitor cell compartment      ,2,
7,14727889,ERS811030,,TCTCGGTT,,ChIP-Seq Auto,TCTCGGTT,,mg16@sanger.ac.uk ncb@sanger.ac.uk,,ncb@sanger.ac.uk,mg16@sanger.ac.uk,0,0,,,,,10090,S0815,1927,Analysis of the chromatin state of mouse stem and progenitor cell compartment S0815,,,from:100 to:1000,ERS811030,,Mus musculus,,Lin_neg_bone marrow,,2376994,2905STDY6178192,INPUT_KAMX34_4E,,,888,ERP004563,1,0,0,This data is part of a pre-publication release. For information on the proper use of pre-publication data shared by the Wellcome Trust Sanger Institute (including details of any publication moratoria)%2C please see http%3A%2F%2Fwww.sanger.ac.uk%2Fdatasharing%2F%0A,2905,Analysis of the chromatin state of mouse stem and progenitor cell compartment,Mus_musculus (GRCm38),,Analysis of the chromatin state of mouse stem and progenitor cell compartment      ,3,
7,14727913,ERS811032,,TCCGTCTT,,ChIP-Seq Auto,TCCGTCTT,,mg16@sanger.ac.uk ncb@sanger.ac.uk,,ncb@sanger.ac.uk,mg16@sanger.ac.uk,0,0,,,,,10090,S0815,1927,Analysis of the chromatin state of mouse stem and progenitor cell compartment S0815,,,from:100 to:1000,ERS811032,,Mus musculus,,Lin_neg_bone marrow,,2376996,2905STDY6178194,BCOR_INPUT,,,888,ERP004563,1,0,0,This data is part of a pre-publication release. For information on the proper use of pre-publication data shared by the Wellcome Trust Sanger Institute (including details of any publication moratoria)%2C please see http%3A%2F%2Fwww.sanger.ac.uk%2Fdatasharing%2F%0A,2905,Analysis of the chromatin state of mouse stem and progenitor cell compartment,Mus_musculus (GRCm38),,Analysis of the chromatin state of mouse stem and progenitor cell compartment      ,4,
7,14727878,ERS811037,,TCGAGCGT,,ChIP-Seq Auto,TCGAGCGT,,mg16@sanger.ac.uk ncb@sanger.ac.uk,,ncb@sanger.ac.uk,mg16@sanger.ac.uk,0,0,,,,,10090,S0815,1927,Analysis of the chromatin state of mouse stem and progenitor cell compartment S0815,,,from:100 to:1000,ERS811037,,Mus musculus,,Lin_neg_bone marrow,,2377001,2905STDY6178199,INPUT_KAMX28_4F,,,888,ERP004563,1,0,0,This data is part of a pre-publication release. For information on the proper use of pre-publication data shared by the Wellcome Trust Sanger Institute (including details of any publication moratoria)%2C please see http%3A%2F%2Fwww.sanger.ac.uk%2Fdatasharing%2F%0A,2905,Analysis of the chromatin state of mouse stem and progenitor cell compartment,Mus_musculus (GRCm38),,Analysis of the chromatin state of mouse stem and progenitor cell compartment      ,5,
7,14727890,ERS811038,,TGATACGT,,ChIP-Seq Auto,TGATACGT,,mg16@sanger.ac.uk ncb@sanger.ac.uk,,ncb@sanger.ac.uk,mg16@sanger.ac.uk,0,0,,,,,10090,S0815,1927,Analysis of the chromatin state of mouse stem and progenitor cell compartment S0815,,,from:100 to:1000,ERS811038,,Mus musculus,,Lin_neg_bone marrow,,2377002,2905STDY6178200,Ub_CS_KAMX28_4F,,,888,ERP004563,1,0,0,This data is part of a pre-publication release. For information on the proper use of pre-publication data shared by the Wellcome Trust Sanger Institute (including details of any publication moratoria)%2C please see http%3A%2F%2Fwww.sanger.ac.uk%2Fdatasharing%2F%0A,2905,Analysis of the chromatin state of mouse stem and progenitor cell compartment,Mus_musculus (GRCm38),,Analysis of the chromatin state of mouse stem and progenitor cell compartment      ,6,
7,12172503,phiX_for_spiked_buffers,,ACAACGCAATC,,,ACAACGCAATC,,hps@sanger.ac.uk,,hps@sanger.ac.uk,hps@sanger.ac.uk,1,0,,,PhiXBPS24Oct14,,10847,,,,,,,,,,,,,1255141,phiX_for_spiked_buffers,,,,888,,1,0,0,None,198,Illumina Controls,,,,888,
8,14727840,ERS811018,,CGATGTTT,,ChIP-Seq Auto,CGATGTTT,,mg16@sanger.ac.uk ncb@sanger.ac.uk,,ncb@sanger.ac.uk,mg16@sanger.ac.uk,0,0,,,,,10090,S0815,1927,Analysis of the chromatin state of mouse stem and progenitor cell compartment S0815,,,from:100 to:1000,ERS811018,,Mus musculus,,Lin_neg_bone marrow,,2376982,2905STDY6178180,UTX_IP_UTX_GTX_A,,,888,ERP004563,1,0,0,This data is part of a pre-publication release. For information on the proper use of pre-publication data shared by the Wellcome Trust Sanger Institute (including details of any publication moratoria)%2C please see http%3A%2F%2Fwww.sanger.ac.uk%2Fdatasharing%2F%0A,2905,Analysis of the chromatin state of mouse stem and progenitor cell compartment,Mus_musculus (GRCm38),,Analysis of the chromatin state of mouse stem and progenitor cell compartment      ,1,
8,14727876,ERS811021,,ACAGTGGT,,ChIP-Seq Auto,ACAGTGGT,,mg16@sanger.ac.uk ncb@sanger.ac.uk,,ncb@sanger.ac.uk,mg16@sanger.ac.uk,0,0,,,,,10090,S0815,1927,Analysis of the chromatin state of mouse stem and progenitor cell compartment S0815,,,from:100 to:1000,ERS811021,,Mus musculus,,Lin_neg_bone marrow,,2376985,2905STDY6178183,UTX_IP_UTX_Bethyl_C,,,888,ERP004563,1,0,0,This data is part of a pre-publication release. For information on the proper use of pre-publication data shared by the Wellcome Trust Sanger Institute (including details of any publication moratoria)%2C please see http%3A%2F%2Fwww.sanger.ac.uk%2Fdatasharing%2F%0A,2905,Analysis of the chromatin state of mouse stem and progenitor cell compartment,Mus_musculus (GRCm38),,Analysis of the chromatin state of mouse stem and progenitor cell compartment      ,2,
8,14727829,ERS811025,,GATCAGCG,,ChIP-Seq Auto,GATCAGCG,,mg16@sanger.ac.uk ncb@sanger.ac.uk,,ncb@sanger.ac.uk,mg16@sanger.ac.uk,0,0,,,,,10090,S0815,1927,Analysis of the chromatin state of mouse stem and progenitor cell compartment S0815,,,from:100 to:1000,ERS811025,,Mus musculus,,Lin_neg_bone marrow,,2376989,2905STDY6178187,KAMX34_4G_UTX_Bethyl,,,888,ERP004563,1,0,0,This data is part of a pre-publication release. For information on the proper use of pre-publication data shared by the Wellcome Trust Sanger Institute (including details of any publication moratoria)%2C please see http%3A%2F%2Fwww.sanger.ac.uk%2Fdatasharing%2F%0A,2905,Analysis of the chromatin state of mouse stem and progenitor cell compartment,Mus_musculus (GRCm38),,Analysis of the chromatin state of mouse stem and progenitor cell compartment      ,3,
8,14727901,ERS811031,,TAAGCGTT,,ChIP-Seq Auto,TAAGCGTT,,mg16@sanger.ac.uk ncb@sanger.ac.uk,,ncb@sanger.ac.uk,mg16@sanger.ac.uk,0,0,,,,,10090,S0815,1927,Analysis of the chromatin state of mouse stem and progenitor cell compartment S0815,,,from:100 to:1000,ERS811031,,Mus musculus,,Lin_neg_bone marrow,,2376995,2905STDY6178193,IgG_KAMX34_4F,,,888,ERP004563,1,0,0,This data is part of a pre-publication release. For information on the proper use of pre-publication data shared by the Wellcome Trust Sanger Institute (including details of any publication moratoria)%2C please see http%3A%2F%2Fwww.sanger.ac.uk%2Fdatasharing%2F%0A,2905,Analysis of the chromatin state of mouse stem and progenitor cell compartment,Mus_musculus (GRCm38),,Analysis of the chromatin state of mouse stem and progenitor cell compartment      ,4,
8,14727842,ERS811034,,TTCTGTGT,,ChIP-Seq Auto,TTCTGTGT,,mg16@sanger.ac.uk ncb@sanger.ac.uk,,ncb@sanger.ac.uk,mg16@sanger.ac.uk,0,0,,,,,10090,S0815,1927,Analysis of the chromatin state of mouse stem and progenitor cell compartment S0815,,,from:100 to:1000,ERS811034,,Mus musculus,,Lin_neg_bone marrow,,2376998,2905STDY6178196,BCOR_IP_CTCF,,,888,ERP004563,1,0,0,This data is part of a pre-publication release. For information on the proper use of pre-publication data shared by the Wellcome Trust Sanger Institute (including details of any publication moratoria)%2C please see http%3A%2F%2Fwww.sanger.ac.uk%2Fdatasharing%2F%0A,2905,Analysis of the chromatin state of mouse stem and progenitor cell compartment,Mus_musculus (GRCm38),,Analysis of the chromatin state of mouse stem and progenitor cell compartment      ,5,
8,14727902,ERS811039,,TGCATAGT,,ChIP-Seq Auto,TGCATAGT,,mg16@sanger.ac.uk ncb@sanger.ac.uk,,ncb@sanger.ac.uk,mg16@sanger.ac.uk,0,0,,,,,10090,S0815,1927,Analysis of the chromatin state of mouse stem and progenitor cell compartment S0815,,,from:100 to:1000,ERS811039,,Mus musculus,,Lin_neg_bone marrow,,2377003,2905STDY6178201,Ub_Milipor_KAMX28_4F,,,888,ERP004563,1,0,0,This data is part of a pre-publication release. For information on the proper use of pre-publication data shared by the Wellcome Trust Sanger Institute (including details of any publication moratoria)%2C please see http%3A%2F%2Fwww.sanger.ac.uk%2Fdatasharing%2F%0A,2905,Analysis of the chromatin state of mouse stem and progenitor cell compartment,Mus_musculus (GRCm38),,Analysis of the chromatin state of mouse stem and progenitor cell compartment      ,6,
8,12172503,phiX_for_spiked_buffers,,ACAACGCAATC,,,ACAACGCAATC,,hps@sanger.ac.uk,,hps@sanger.ac.uk,hps@sanger.ac.uk,1,0,,,PhiXBPS24Oct14,,10847,,,,,,,,,,,,,1255141,phiX_for_spiked_buffers,,,,888,,1,0,0,None,198,Illumina Controls,,,,888,
